{
  "method": "mcmc",
  "label": "MCMC",
  "params": [
    "mej_1",
    "vej_1",
    "temperature_floor_1",
    "mej_2",
    "vej_2",
    "kappa_2",
    "temperature_floor_2",
    "sigma"
  ],
  "summary": {
    "mej_1": {
      "median": 0.04079961246453039,
      "ci16": 0.03919650921520045,
      "ci84": 0.042455945947477564,
      "mean": 0.04081653395727889,
      "std": 0.0016575760839881411
    },
    "vej_1": {
      "median": 0.2965726225946079,
      "ci16": 0.29132808665996784,
      "ci84": 0.29912431129296674,
      "mean": 0.2951936569393414,
      "std": 0.004662803151249717
    },
    "temperature_floor_1": {
      "median": 5986.546865433478,
      "ci16": 5963.887871015003,
      "ci84": 5996.65383317936,
      "mean": 5980.549026657993,
      "std": 19.27295140457339
    },
    "mej_2": {
      "median": 0.09842598959635074,
      "ci16": 0.09592135593315992,
      "ci84": 0.09959138499150602,
      "mean": 0.09777568907083714,
      "std": 0.0021078065132604756
    },
    "vej_2": {
      "median": 0.1752761365390882,
      "ci16": 0.1667629378125465,
      "ci84": 0.18491103584679097,
      "mean": 0.18031378975637039,
      "std": 0.024616998285621635
    },
    "kappa_2": {
      "median": 2.0005469734246764,
      "ci16": 1.8507855524897072,
      "ci84": 2.165774918730446,
      "mean": 2.0074589803672165,
      "std": 0.15919837207060888
    },
    "temperature_floor_2": {
      "median": 1039.3164992560237,
      "ci16": 945.4911224588518,
      "ci84": 1146.3410088573296,
      "mean": 1074.3688759385252,
      "std": 304.3140445018025
    },
    "sigma": {
      "median": 0.6873575520322571,
      "ci16": 0.6652716998636502,
      "ci84": 0.710280423418414,
      "mean": 0.687880894318213,
      "std": 0.022691884503553795
    }
  },
  "best_params": {
    "mej_1": 0.04078020234816426,
    "vej_1": 0.2993440685216598,
    "temperature_floor_1": 5999.353309718838,
    "mej_2": 0.09957105308991755,
    "vej_2": 0.17823112241820746,
    "kappa_2": 1.9695554049323698,
    "temperature_floor_2": 1043.681990845818,
    "sigma": 0.6835870603827443
  },
  "ppc": {
    "cov68": 0.8363273453093812,
    "cov95": 0.9520958083832335,
    "chi2_reported": 239.40171523929874,
    "chi2_scatter": 1.0042101132382664,
    "dof": 493,
    "space": "magnitude"
  },
  "runtime_s": 5191.751585781574,
  "wall_s": 5195.072394832969,
  "amortized_s": null,
  "n_samples": 44000,
  "aic": 1063.6755901126244,
  "bic": 1097.4084389213033,
  "max_log_likelihood": -523.8377950563122,
  "info": {
    "nwalkers": 32,
    "nsteps": 8000,
    "burnin": 2500,
    "thin": 4,
    "space": "magnitude",
    "likelihood": "GaussianLikelihoodWithScatter",
    "mean_acceptance_fraction": 0.337984375,
    "mean_autocorr_time": 282.6721059510908,
    "n_samples_per_walker": 1375,
    "converged": false,
    "seed": 0
  }
}