{
  "method": "abc_smc",
  "label": "ABC-SMC",
  "params": [
    "mej_1",
    "vej_1",
    "temperature_floor_1",
    "mej_2",
    "vej_2",
    "kappa_2",
    "temperature_floor_2"
  ],
  "summary": {
    "mej_1": {
      "median": 0.08238879288179671,
      "ci16": 0.0607764996672627,
      "ci84": 0.09390526448064183,
      "mean": 0.07707690140602022,
      "std": 0.014888995905221114
    },
    "vej_1": {
      "median": 0.26981725948644814,
      "ci16": 0.2376439936874583,
      "ci84": 0.28643712541678334,
      "mean": 0.2634971767748882,
      "std": 0.02465379604730054
    },
    "temperature_floor_1": {
      "median": 2772.798197953858,
      "ci16": 159.14596979306543,
      "ci84": 4293.85034563857,
      "mean": 2408.7871580646724,
      "std": 1741.6982588940966
    },
    "mej_2": {
      "median": 0.07521018238643842,
      "ci16": 0.04196645747586652,
      "ci84": 0.0884324590059694,
      "mean": 0.06936580917158555,
      "std": 0.021730274157293568
    },
    "vej_2": {
      "median": 0.16413044520278983,
      "ci16": 0.06283961102476929,
      "ci84": 0.26061004640574703,
      "mean": 0.16158255468060795,
      "std": 0.08171302519484919
    },
    "kappa_2": {
      "median": 3.0973715072294983,
      "ci16": 1.676661410382179,
      "ci84": 9.49514408927316,
      "mean": 5.188420840404035,
      "std": 5.024678035887467
    },
    "temperature_floor_2": {
      "median": 877.5575100076624,
      "ci16": 336.13060059695545,
      "ci84": 4413.103627659846,
      "mean": 1921.395221754551,
      "std": 1922.1246394698865
    }
  },
  "best_params": {
    "mej_1": 0.03651000267121183,
    "vej_1": 0.26764154044152916,
    "temperature_floor_1": 5853.439589437708,
    "mej_2": 0.07971203565298259,
    "vej_2": 0.29048738212133185,
    "kappa_2": 1.568467418772248,
    "temperature_floor_2": 2869.4991819062293
  },
  "ppc": {
    "cov68": 0.3532934131736527,
    "cov95": 0.626746506986028,
    "chi2_reported": 240.0615283297082,
    "chi2_scatter": 240.06152832970818,
    "dof": 494,
    "space": "magnitude"
  },
  "runtime_s": 486.0025436542928,
  "wall_s": 688.5288733094931,
  "amortized_s": null,
  "n_samples": 800,
  "aic": 116723.59476352128,
  "bic": 116753.11100622888,
  "max_log_likelihood": -58354.79738176064,
  "info": {
    "n_particles": 800,
    "n_rounds": 8,
    "total_simulations": 432000,
    "weighted": true,
    "kernel": "diagonal_gaussian_2x_weighted_var",
    "quantile": 0.5,
    "min_epsilon": "auto",
    "simulate_noise": true,
    "space": "magnitude",
    "scatter_param": null,
    "n_jobs": 48,
    "distance": "chi2_distance",
    "likelihood_space": "magnitude"
  }
}