{
  "method": "npe_nsf",
  "label": "NPE-NSF (GPU)",
  "params": [
    "mej_1",
    "vej_1",
    "temperature_floor_1",
    "mej_2",
    "vej_2",
    "kappa_2",
    "temperature_floor_2",
    "sigma"
  ],
  "summary": {
    "mej_1": {
      "median": 0.05465063266456127,
      "ci16": 0.050484715551137926,
      "ci84": 0.05677201882004738,
      "mean": 0.05312812315961346,
      "std": 0.005644354752089117
    },
    "vej_1": {
      "median": 0.24570968747138977,
      "ci16": 0.22128506243228913,
      "ci84": 0.27808782815933225,
      "mean": 0.2482897378280759,
      "std": 0.02529790790612755
    },
    "temperature_floor_1": {
      "median": 696.4173583984375,
      "ci16": 221.94013427734376,
      "ci84": 1841.5603857421872,
      "mean": 985.359779844284,
      "std": 940.9266953384206
    },
    "mej_2": {
      "median": 0.09025589749217033,
      "ci16": 0.08603878974914551,
      "ci84": 0.0956329047679901,
      "mean": 0.09046262592300773,
      "std": 0.004942457712194001
    },
    "vej_2": {
      "median": 0.20153110474348068,
      "ci16": 0.17785495817661284,
      "ci84": 0.2429260867834091,
      "mean": 0.20837278358787298,
      "std": 0.032338141988957805
    },
    "kappa_2": {
      "median": 1.5389487743377686,
      "ci16": 1.1748759365081787,
      "ci84": 2.0327503490448,
      "mean": 1.607533896136284,
      "std": 0.43262109812304117
    },
    "temperature_floor_2": {
      "median": 825.7287902832031,
      "ci16": 299.41069091796874,
      "ci84": 2372.520029296875,
      "mean": 1208.007045966339,
      "std": 910.0352722901846
    },
    "sigma": {
      "median": 5.695456593457493e-06,
      "ci16": 2.2497999088955113e-06,
      "ci84": 9.490048432780895e-06,
      "mean": 6.7537345655190425e-06,
      "std": 1.646908038872858e-05
    }
  },
  "best_params": {
    "mej_1": 0.05668441206216812,
    "vej_1": 0.2929092347621918,
    "temperature_floor_1": 3172.91162109375,
    "mej_2": 0.08745110034942627,
    "vej_2": 0.18521538376808167,
    "kappa_2": 2.075049877166748,
    "temperature_floor_2": 403.09228515625,
    "sigma": 0.00013600580859929323
  },
  "ppc": {
    "cov68": 0.43313373253493015,
    "cov95": 0.6447105788423154,
    "chi2_reported": 107.44543088952193,
    "chi2_scatter": 0.29301419446498284,
    "dof": 493,
    "space": "flux"
  },
  "runtime_s": 910.9446300081909,
  "wall_s": 963.4116500914097,
  "amortized_s": null,
  "n_samples": 10000,
  "aic": -7835.441571601103,
  "bic": -7801.708722792424,
  "max_log_likelihood": 3925.7207858005513,
  "info": {
    "num_rounds": 1,
    "num_simulations": 25000,
    "total_simulations": 25000,
    "density_estimator": "nsf",
    "embedding_net": null,
    "x_format": "stacked",
    "normalize_x": "asinh",
    "final_sample_method": "rejection",
    "final_sample_acceptance_rate": 0.003750000149011612,
    "sim_backend": "numpy",
    "scatter_param": "sigma",
    "proposal_mode": "posterior",
    "truncate_quantile": null,
    "space": "flux",
    "num_samples": 10000,
    "device": "cuda",
    "seed": 0,
    "num_workers": 24
  }
}