{
  "method": "npe_mdn",
  "label": "NPE-MDN (GPU)",
  "params": [
    "mej_1",
    "vej_1",
    "temperature_floor_1",
    "mej_2",
    "vej_2",
    "kappa_2",
    "temperature_floor_2",
    "sigma"
  ],
  "summary": {
    "mej_1": {
      "median": 0.06329639628529549,
      "ci16": 0.04697524905204773,
      "ci84": 0.08266552150249482,
      "mean": 0.06383048040792345,
      "std": 0.016042392504082813
    },
    "vej_1": {
      "median": 0.2862340211868286,
      "ci16": 0.26022553563117984,
      "ci84": 0.2971367883682251,
      "mean": 0.2800734120339155,
      "std": 0.01882979754825851
    },
    "temperature_floor_1": {
      "median": 1227.6629638671875,
      "ci16": 91.00118621826174,
      "ci84": 2610.5802636718745,
      "mean": 1389.8103938860104,
      "std": 1188.6958630702661
    },
    "mej_2": {
      "median": 0.08219824731349945,
      "ci16": 0.05315732926130295,
      "ci84": 0.0969453638792038,
      "mean": 0.07649822934064432,
      "std": 0.020495583480552432
    },
    "vej_2": {
      "median": 0.21434765309095383,
      "ci16": 0.1587225741147995,
      "ci84": 0.26327375292778016,
      "mean": 0.2107579849034548,
      "std": 0.04977036915378001
    },
    "kappa_2": {
      "median": 5.540422677993774,
      "ci16": 2.1149431419372564,
      "ci84": 12.34530422210693,
      "mean": 7.0410163898944855,
      "std": 5.304962503770956
    },
    "temperature_floor_2": {
      "median": 2369.8721923828125,
      "ci16": 962.1655688476562,
      "ci84": 3699.33021484375,
      "mean": 2341.2829615798323,
      "std": 1235.4753901610566
    },
    "sigma": {
      "median": 5.84071585763013e-05,
      "ci16": 2.2440504471887843e-05,
      "ci84": 8.375351579161361e-05,
      "mean": 5.8591386150168436e-05,
      "std": 3.42320297699943e-05
    }
  },
  "best_params": {
    "mej_1": 0.04731394723057747,
    "vej_1": 0.29827558994293213,
    "temperature_floor_1": 3823.229736328125,
    "mej_2": 0.09640664607286453,
    "vej_2": 0.22420282661914825,
    "kappa_2": 2.2261557579040527,
    "temperature_floor_2": 1955.9110107421875,
    "sigma": 6.558202585438266e-05
  },
  "ppc": {
    "cov68": 0.7944111776447106,
    "cov95": 0.9401197604790419,
    "chi2_reported": 99.49400008532632,
    "chi2_scatter": 1.0002544856569153,
    "dof": 493,
    "space": "flux"
  },
  "runtime_s": 753.933082036674,
  "wall_s": 1096.0874641016126,
  "amortized_s": null,
  "n_samples": 10000,
  "aic": -8205.897153032223,
  "bic": -8172.164304223545,
  "max_log_likelihood": 4110.948576516112,
  "info": {
    "num_rounds": 1,
    "num_simulations": 25000,
    "total_simulations": 25000,
    "density_estimator": "mdn",
    "embedding_net": null,
    "x_format": "stacked",
    "normalize_x": "asinh",
    "final_sample_method": "mcmc_fallback",
    "final_sample_acceptance_rate": 0.0,
    "sim_backend": "numpy",
    "scatter_param": "sigma",
    "proposal_mode": "posterior",
    "truncate_quantile": null,
    "space": "flux",
    "num_samples": 10000,
    "device": "cuda",
    "seed": 0,
    "num_workers": 24
  }
}