{
  "sampler": "abc",
  "model": "bazin",
  "parameters": [
    "amplitude",
    "t0",
    "tau_rise",
    "tau_fall"
  ],
  "n_data": 88,
  "n_params": 4,
  "n_samples": 2000,
  "runtime_s": 0.8235947228968143,
  "min_distance": 5382.067442209409,
  "max_log_likelihood": -2691.0337211047045,
  "aic": 5390.067442209409,
  "bic": 5399.976789467321,
  "best_params": {
    "amplitude": 0.000497736520216112,
    "t0": 1.8301716653129905,
    "tau_rise": 9.935580014896518,
    "tau_fall": 1.3764364639037523
  },
  "summary": {
    "amplitude": {
      "median": 0.0015317932795665449,
      "ci16": 0.00035286046527324634,
      "ci84": 0.0037342487348814915,
      "mean": 0.0018813618914905786,
      "std": 0.0014533578851049873
    },
    "t0": {
      "median": -1.953720255484591,
      "ci16": -4.030852098430863,
      "ci84": 0.509987384368733,
      "mean": -1.6351508940525992,
      "std": 2.3601824874719646
    },
    "tau_rise": {
      "median": 5.555272798036276,
      "ci16": 1.8895362606951867,
      "ci84": 8.749006292813489,
      "mean": 5.361773056212249,
      "std": 2.8898452621556645
    },
    "tau_fall": {
      "median": 1.9853295755760842,
      "ci16": 1.2629557369485391,
      "ci84": 3.075629428000763,
      "mean": 2.1685862338854904,
      "std": 0.9606966681453866
    }
  },
  "info": {
    "n_simulations": 200000,
    "n_accepted": 2000,
    "acceptance_rate": 0.01,
    "epsilon": 71775.4742722272,
    "quantile": 0.01,
    "n_jobs": 32,
    "distance": "chi2_distance"
  }
}