{
  "sampler": "abc",
  "model": "flare",
  "parameters": [
    "amplitude",
    "rise_time",
    "decay_time"
  ],
  "n_data": 88,
  "n_params": 3,
  "n_samples": 1000,
  "runtime_s": 1.2252318635582924,
  "min_distance": 5718.678519461682,
  "max_log_likelihood": -2859.339259730841,
  "aic": 5724.678519461682,
  "bic": 5732.110529905117,
  "best_params": {
    "amplitude": 0.0007988086809801151,
    "rise_time": 0.21169849103541521,
    "decay_time": 1.4982208399822858
  },
  "summary": {
    "amplitude": {
      "median": 0.0029935827696371633,
      "ci16": 0.0014633269058690224,
      "ci84": 0.00433799252831122,
      "mean": 0.0029014673437723344,
      "std": 0.0012623977671885416
    },
    "rise_time": {
      "median": 4.1108072843372,
      "ci16": 1.5137381065248896,
      "ci84": 7.737536568144145,
      "mean": 4.421941197971466,
      "std": 2.702380548151376
    },
    "decay_time": {
      "median": 1.23449601228079,
      "ci16": 1.006735016641994,
      "ci84": 1.4691224904709859,
      "mean": 1.254047436830074,
      "std": 0.2562412755933726
    }
  },
  "info": {
    "n_simulations": 200000,
    "n_accepted": 1000,
    "acceptance_rate": 0.005,
    "epsilon": 26962.494032048275,
    "quantile": 0.005,
    "n_jobs": 16,
    "distance": "chi2_distance"
  }
}