{
  "sampler": "abc",
  "model": "gaussian_rise",
  "parameters": [
    "amplitude",
    "t0",
    "sigma_rise",
    "tau_decay"
  ],
  "n_data": 88,
  "n_params": 4,
  "n_samples": 2000,
  "runtime_s": 1.6849810369312763,
  "min_distance": 5268.840530387349,
  "max_log_likelihood": -2634.4202651936744,
  "aic": 5276.840530387349,
  "bic": 5286.749877645261,
  "best_params": {
    "amplitude": 0.0006044309153703918,
    "t0": 0.4910685697149808,
    "sigma_rise": 9.226046648121494,
    "tau_decay": 1.4954597658071822
  },
  "summary": {
    "amplitude": {
      "median": 4.1698933246863956e-05,
      "ci16": 1.6386163955356733e-05,
      "ci84": 0.0003637118583944885,
      "mean": 0.0002586906637970046,
      "std": 0.0006077157845839165
    },
    "t0": {
      "median": 2.38820262543382,
      "ci16": 0.5706685972060295,
      "ci84": 5.5682577799121855,
      "mean": 2.884096721774014,
      "std": 2.3538759357421872
    },
    "sigma_rise": {
      "median": 5.60797748396803,
      "ci16": 2.2205856880550843,
      "ci84": 8.544089559481474,
      "mean": 5.454734509953111,
      "std": 2.739166154930393
    },
    "tau_decay": {
      "median": 6.4912417867206464,
      "ci16": 1.117512640529052,
      "ci84": 26.697809058320097,
      "mean": 11.73367584253524,
      "std": 11.774326991935705
    }
  },
  "info": {
    "n_simulations": 200000,
    "n_accepted": 2000,
    "acceptance_rate": 0.01,
    "epsilon": 130200.14769672953,
    "quantile": 0.01,
    "n_jobs": 32,
    "distance": "chi2_distance"
  }
}