{
  "method": "abc_smc",
  "label": "ABC-SMC",
  "params": [
    "mej_1",
    "vej_1",
    "temperature_floor_1",
    "mej_2",
    "vej_2",
    "kappa_2",
    "temperature_floor_2"
  ],
  "summary": {
    "mej_1": {
      "median": 0.08376568021384569,
      "ci16": 0.06009901972011364,
      "ci84": 0.09387714938528467,
      "mean": 0.07857063687036027,
      "std": 0.017017414971990937
    },
    "vej_1": {
      "median": 0.27350458457710985,
      "ci16": 0.2533961051717561,
      "ci84": 0.2906378886587979,
      "mean": 0.2714542697273638,
      "std": 0.018929077275924515
    },
    "temperature_floor_1": {
      "median": 3008.766828333374,
      "ci16": 1227.3874213140434,
      "ci84": 3389.7953710490565,
      "mean": 2642.900039498923,
      "std": 1064.502895040516
    },
    "mej_2": {
      "median": 0.06843551690310465,
      "ci16": 0.037280448384587696,
      "ci84": 0.08941012121334665,
      "mean": 0.0635450490186788,
      "std": 0.024309336830037064
    },
    "vej_2": {
      "median": 0.17273699537608975,
      "ci16": 0.09584686025100747,
      "ci84": 0.2543785155162016,
      "mean": 0.17411522457588138,
      "std": 0.06993078061116531
    },
    "kappa_2": {
      "median": 7.316628237874195,
      "ci16": 1.8906698087389977,
      "ci84": 20.473030698174362,
      "mean": 9.737740314302187,
      "std": 8.051007814526214
    },
    "temperature_floor_2": {
      "median": 1150.6931220402244,
      "ci16": 228.80072799436815,
      "ci84": 3609.7156515424185,
      "mean": 1736.9793690787963,
      "std": 1520.884551460696
    }
  },
  "best_params": {
    "mej_1": 0.043890909805969075,
    "vej_1": 0.2741864842871719,
    "temperature_floor_1": 878.3383192220718,
    "mej_2": 0.08316163806147991,
    "vej_2": 0.1004851665315565,
    "kappa_2": 1.0954321162081113,
    "temperature_floor_2": 476.3408698284734
  },
  "ppc": {
    "cov68": 0.37058823529411766,
    "cov95": 0.7058823529411765,
    "chi2_reported": 171.45297101808484,
    "chi2_scatter": 171.45297101808484,
    "dof": 333,
    "space": "magnitude"
  },
  "runtime_s": 672.8889210745692,
  "wall_s": 857.1587367542088,
  "amortized_s": null,
  "n_samples": 800,
  "aic": 55747.25396930821,
  "bic": 55774.05658863148,
  "max_log_likelihood": -27866.626984654104,
  "info": {
    "n_particles": 800,
    "n_rounds": 8,
    "total_simulations": 355200,
    "weighted": true,
    "kernel": "diagonal_gaussian_2x_weighted_var",
    "quantile": 0.5,
    "min_epsilon": "auto",
    "simulate_noise": true,
    "space": "magnitude",
    "scatter_param": null,
    "n_jobs": 48,
    "distance": "chi2_distance",
    "likelihood_space": "magnitude"
  }
}