{
  "method": "abc",
  "label": "ABC",
  "params": [
    "mej_1",
    "vej_1",
    "temperature_floor_1",
    "mej_2",
    "vej_2",
    "kappa_2",
    "temperature_floor_2"
  ],
  "summary": {
    "mej_1": {
      "median": 0.07956615864918123,
      "ci16": 0.06293284760026045,
      "ci84": 0.09297559805637687,
      "mean": 0.07657046084782441,
      "std": 0.017014388582299752
    },
    "vej_1": {
      "median": 0.2754800997776864,
      "ci16": 0.2490693377772252,
      "ci84": 0.29353572979799397,
      "mean": 0.27175044262619025,
      "std": 0.020376222314183165
    },
    "temperature_floor_1": {
      "median": 2961.135273071812,
      "ci16": 768.9315646140867,
      "ci84": 3419.014528823846,
      "mean": 2503.4004862354873,
      "std": 1194.7932050315594
    },
    "mej_2": {
      "median": 0.06997711473038522,
      "ci16": 0.04259656523875069,
      "ci84": 0.09212505800199988,
      "mean": 0.06651068800141442,
      "std": 0.023909099083807464
    },
    "vej_2": {
      "median": 0.1621471497170128,
      "ci16": 0.08832420470214705,
      "ci84": 0.25620523617367014,
      "mean": 0.17050749355962005,
      "std": 0.07136594194299951
    },
    "kappa_2": {
      "median": 5.1835405108920725,
      "ci16": 1.6077285263913328,
      "ci84": 16.69200395069059,
      "mean": 8.282213203028,
      "std": 7.7784242149074405
    },
    "temperature_floor_2": {
      "median": 1149.6965621655168,
      "ci16": 241.74101921880893,
      "ci84": 3573.437008292196,
      "mean": 1748.8420249344606,
      "std": 1523.0152157157436
    }
  },
  "best_params": {
    "mej_1": 0.046443866114722794,
    "vej_1": 0.2848570347353308,
    "temperature_floor_1": 3499.0777503648264,
    "mej_2": 0.0815821074227869,
    "vej_2": 0.18697243083369436,
    "kappa_2": 1.5067117730623938,
    "temperature_floor_2": 158.6666325039129
  },
  "ppc": {
    "cov68": 0.4411764705882353,
    "cov95": 0.8147058823529412,
    "chi2_reported": 154.339296558419,
    "chi2_scatter": 154.339296558419,
    "dof": 333,
    "space": "magnitude"
  },
  "runtime_s": 639.5409827232361,
  "wall_s": 714.4855787269771,
  "amortized_s": null,
  "n_samples": 300,
  "aic": 50048.400374239485,
  "bic": 50075.20299356276,
  "max_log_likelihood": -25017.200187119743,
  "info": {
    "n_simulations": 60000,
    "n_accepted": 300,
    "acceptance_rate": 0.005,
    "epsilon": 94803.3289604588,
    "quantile": 0.005,
    "simulate_noise": true,
    "space": "magnitude",
    "scatter_param": null,
    "n_jobs": 48,
    "distance": "chi2_distance",
    "likelihood_space": "magnitude"
  }
}