{
  "method": "snpe5_nsf",
  "label": "SNPE-5r NSF (GPU, no embed)",
  "params": [
    "mej_1",
    "vej_1",
    "temperature_floor_1",
    "mej_2",
    "vej_2",
    "kappa_2",
    "temperature_floor_2",
    "sigma"
  ],
  "summary": {
    "mej_1": {
      "median": 0.04671093821525574,
      "ci16": 0.040663352012634275,
      "ci84": 0.05126251488924027,
      "mean": 0.04655700203757733,
      "std": 0.005749445193538123
    },
    "vej_1": {
      "median": 0.2984931617975235,
      "ci16": 0.2940740966796875,
      "ci84": 0.2996297574043274,
      "mean": 0.2948931688323617,
      "std": 0.01398289838438652
    },
    "temperature_floor_1": {
      "median": 2926.311767578125,
      "ci16": 208.99118591308593,
      "ci84": 3992.241103515625,
      "mean": 2344.1292466926575,
      "std": 1659.0904236990045
    },
    "mej_2": {
      "median": 0.09393193200230598,
      "ci16": 0.08696478694677352,
      "ci84": 0.0985205540060997,
      "mean": 0.0928627768844366,
      "std": 0.005431845371553409
    },
    "vej_2": {
      "median": 0.2255440354347229,
      "ci16": 0.1902366018295288,
      "ci84": 0.2820971691608429,
      "mean": 0.23376770512908698,
      "std": 0.040984064342445656
    },
    "kappa_2": {
      "median": 1.1449018716812134,
      "ci16": 1.0384529113769532,
      "ci84": 1.3530357027053832,
      "mean": 1.1995106350541114,
      "std": 0.2013881609038198
    },
    "temperature_floor_2": {
      "median": 223.8642578125,
      "ci16": 126.22302673339844,
      "ci84": 480.6439990234375,
      "mean": 363.08236905589104,
      "std": 644.4791361205108
    },
    "sigma": {
      "median": 2.749960344772262e-06,
      "ci16": 6.498701554846776e-07,
      "ci84": 7.621976983500645e-06,
      "mean": 4.548337824782092e-06,
      "std": 9.077915818194615e-06
    }
  },
  "best_params": {
    "mej_1": 0.047657933086156845,
    "vej_1": 0.29768702387809753,
    "temperature_floor_1": 3732.5888671875,
    "mej_2": 0.09738685190677643,
    "vej_2": 0.22167177498340607,
    "kappa_2": 1.062886118888855,
    "temperature_floor_2": 166.908935546875,
    "sigma": 6.396282697096467e-05
  },
  "ppc": {
    "cov68": 0.36327345309381237,
    "cov95": 0.5389221556886228,
    "chi2_reported": 220.37844578637865,
    "chi2_scatter": 1.8667864869679225,
    "dof": 493,
    "space": "flux"
  },
  "runtime_s": 831.4978724233806,
  "wall_s": 1995.9115394949913,
  "amortized_s": null,
  "n_samples": 10000,
  "aic": -7803.017191633011,
  "bic": -7769.284342824332,
  "max_log_likelihood": 3909.5085958165055,
  "info": {
    "num_rounds": 5,
    "num_simulations": 5000,
    "total_simulations": 25000,
    "density_estimator": "nsf",
    "embedding_net": null,
    "x_format": "stacked",
    "normalize_x": "asinh",
    "final_sample_method": "mcmc_fallback",
    "final_sample_acceptance_rate": 0.0,
    "sim_backend": "numpy",
    "scatter_param": "sigma",
    "proposal_mode": "restricted",
    "truncate_quantile": 0.0001,
    "space": "flux",
    "num_samples": 10000,
    "device": "cuda",
    "seed": 0,
    "num_workers": 24
  }
}