{
  "method": "mcmc",
  "label": "MCMC",
  "params": [
    "mej_1",
    "vej_1",
    "temperature_floor_1",
    "mej_2",
    "vej_2",
    "kappa_2",
    "temperature_floor_2",
    "sigma"
  ],
  "summary": {
    "mej_1": {
      "median": 0.030514965072861024,
      "ci16": 0.028646089337734375,
      "ci84": 0.03267175867180015,
      "mean": 0.03167025730511199,
      "std": 0.0054025392007520465
    },
    "vej_1": {
      "median": 0.29879087301631563,
      "ci16": 0.2964199427507431,
      "ci84": 0.29969378308487654,
      "mean": 0.2970782999641366,
      "std": 0.005392364094715359
    },
    "temperature_floor_1": {
      "median": 1047.1367015449605,
      "ci16": 232.79480498960842,
      "ci84": 1517.976587519901,
      "mean": 1016.0064455814064,
      "std": 773.5693581919378
    },
    "mej_2": {
      "median": 0.09462717585074851,
      "ci16": 0.0897900639485905,
      "ci84": 0.09791280426180635,
      "mean": 0.09285004910173382,
      "std": 0.0073151883115969854
    },
    "vej_2": {
      "median": 0.16926889726984432,
      "ci16": 0.156806271880884,
      "ci84": 0.18059682096460505,
      "mean": 0.16832002552824923,
      "std": 0.016389506028371817
    },
    "kappa_2": {
      "median": 1.0230328764813599,
      "ci16": 1.0055541657584952,
      "ci84": 1.0650590037896497,
      "mean": 1.0343639637960402,
      "std": 0.039001678030924365
    },
    "temperature_floor_2": {
      "median": 1636.530173420807,
      "ci16": 284.64808264885784,
      "ci84": 2055.245041370874,
      "mean": 1352.3754607288536,
      "std": 733.8965575995701
    },
    "sigma": {
      "median": 5.754934300715614e-05,
      "ci16": 5.55876475464697e-05,
      "ci84": 6.0134288914043545e-05,
      "mean": 0.0014835547306325165,
      "std": 0.00556564112514499
    }
  },
  "best_params": {
    "mej_1": 0.024561158329257943,
    "vej_1": 0.2991719253129788,
    "temperature_floor_1": 5481.19856981171,
    "mej_2": 0.09739988144952878,
    "vej_2": 0.24212878040880537,
    "kappa_2": 1.277420204249082,
    "temperature_floor_2": 2158.23099385624,
    "sigma": 6.122306738717327e-05
  },
  "ppc": {
    "cov68": 0.8762475049900199,
    "cov95": 0.9600798403193613,
    "chi2_reported": 79.61523666469944,
    "chi2_scatter": 0.9443037437827877,
    "dof": 493,
    "space": "flux"
  },
  "runtime_s": 5334.134385310113,
  "wall_s": 5336.640278555453,
  "amortized_s": null,
  "n_samples": 44000,
  "aic": -8300.313644302429,
  "bic": -8266.58079549375,
  "max_log_likelihood": 4158.156822151214,
  "info": {
    "nwalkers": 32,
    "nsteps": 8000,
    "burnin": 2500,
    "thin": 4,
    "space": "flux",
    "likelihood": "GaussianLikelihoodWithScatter",
    "mean_acceptance_fraction": 0.24707812500000004,
    "mean_autocorr_time": 546.7141834002161,
    "n_samples_per_walker": 1375,
    "converged": false,
    "seed": 0
  }
}