{
  "method": "abc_smc",
  "label": "ABC-SMC",
  "params": [
    "mej_1",
    "vej_1",
    "temperature_floor_1",
    "mej_2",
    "vej_2",
    "kappa_2",
    "temperature_floor_2"
  ],
  "summary": {
    "mej_1": {
      "median": 0.06749317039293287,
      "ci16": 0.03283987261100194,
      "ci84": 0.07885224983370578,
      "mean": 0.06160270811833472,
      "std": 0.018021575325346987
    },
    "vej_1": {
      "median": 0.2546025302246432,
      "ci16": 0.1829079011322744,
      "ci84": 0.2875325746960148,
      "mean": 0.2419492234690148,
      "std": 0.04374795288699935
    },
    "temperature_floor_1": {
      "median": 3098.0643707086892,
      "ci16": 304.217356458363,
      "ci84": 3483.6813365323924,
      "mean": 2587.36934117491,
      "std": 1267.873299031197
    },
    "mej_2": {
      "median": 0.05813547282858198,
      "ci16": 0.023960561249944896,
      "ci84": 0.07637373954634254,
      "mean": 0.053114395376303455,
      "std": 0.024281988077786164
    },
    "vej_2": {
      "median": 0.20759678436635726,
      "ci16": 0.10150846902538424,
      "ci84": 0.2672438239149034,
      "mean": 0.19559444517985333,
      "std": 0.0709331792191438
    },
    "kappa_2": {
      "median": 5.216574213205007,
      "ci16": 1.7380079665752344,
      "ci84": 19.830707587972675,
      "mean": 8.990727219511612,
      "std": 8.51110438230804
    },
    "temperature_floor_2": {
      "median": 911.9981462779483,
      "ci16": 208.72911223595906,
      "ci84": 3598.67393663363,
      "mean": 1538.7651217886723,
      "std": 1399.1695595096737
    }
  },
  "best_params": {
    "mej_1": 0.04601502117505218,
    "vej_1": 0.2983428027569506,
    "temperature_floor_1": 3033.013086249342,
    "mej_2": 0.07171334695229821,
    "vej_2": 0.15213193004722902,
    "kappa_2": 1.4579324991946014,
    "temperature_floor_2": 348.33703800342073
  },
  "ppc": {
    "cov68": 0.3932135728542914,
    "cov95": 0.688622754491018,
    "chi2_reported": 89.17891720051313,
    "chi2_scatter": 89.17891720051313,
    "dof": 494,
    "space": "flux"
  },
  "runtime_s": 603.4560936018825,
  "wall_s": 799.3826132416725,
  "amortized_s": null,
  "n_samples": 800,
  "aic": 32778.40058888859,
  "bic": 32807.91683159618,
  "max_log_likelihood": -16382.200294444294,
  "info": {
    "n_particles": 800,
    "n_rounds": 8,
    "total_simulations": 528000,
    "weighted": true,
    "kernel": "diagonal_gaussian_2x_weighted_var",
    "quantile": 0.5,
    "min_epsilon": "auto",
    "simulate_noise": true,
    "space": "flux",
    "scatter_param": null,
    "n_jobs": 48,
    "distance": "chi2_distance",
    "likelihood_space": "flux"
  }
}