{
  "method": "abc",
  "label": "ABC",
  "params": [
    "mej_1",
    "vej_1",
    "temperature_floor_1",
    "mej_2",
    "vej_2",
    "kappa_2",
    "temperature_floor_2"
  ],
  "summary": {
    "mej_1": {
      "median": 0.06990611601601998,
      "ci16": 0.04756906698646207,
      "ci84": 0.08190268802347334,
      "mean": 0.06624612308088887,
      "std": 0.01633196566552016
    },
    "vej_1": {
      "median": 0.2574857640114523,
      "ci16": 0.22473305810397365,
      "ci84": 0.2866701454685616,
      "mean": 0.2546970265569842,
      "std": 0.030579932137764696
    },
    "temperature_floor_1": {
      "median": 3141.207119696922,
      "ci16": 1382.085567373675,
      "ci84": 3504.267084606992,
      "mean": 2789.023112109481,
      "std": 1080.3812347044986
    },
    "mej_2": {
      "median": 0.0539829108560544,
      "ci16": 0.021390938225706722,
      "ci84": 0.08471858453344173,
      "mean": 0.05364581410525707,
      "std": 0.027724773652610626
    },
    "vej_2": {
      "median": 0.16489779197080956,
      "ci16": 0.09404229686730628,
      "ci84": 0.2567743149248984,
      "mean": 0.1717187899600849,
      "std": 0.07009741270250164
    },
    "kappa_2": {
      "median": 8.170513754002792,
      "ci16": 1.4963859101472505,
      "ci84": 22.758157618242958,
      "mean": 10.721988186396402,
      "std": 9.141014440277768
    },
    "temperature_floor_2": {
      "median": 577.2487639088815,
      "ci16": 193.1063215458955,
      "ci84": 2320.8691252129074,
      "mean": 1055.762353895432,
      "std": 1141.6509145987598
    }
  },
  "best_params": {
    "mej_1": 0.03984149143471755,
    "vej_1": 0.28190819442535126,
    "temperature_floor_1": 1403.828296718748,
    "mej_2": 0.07694666849318563,
    "vej_2": 0.1227689400743071,
    "kappa_2": 1.0745805466150933,
    "temperature_floor_2": 284.64759210271956
  },
  "ppc": {
    "cov68": 0.4251497005988024,
    "cov95": 0.7844311377245509,
    "chi2_reported": 88.7964030681772,
    "chi2_scatter": 88.7964030681772,
    "dof": 494,
    "space": "flux"
  },
  "runtime_s": 450.03904396668077,
  "wall_s": 525.3097277320921,
  "amortized_s": null,
  "n_samples": 300,
  "aic": 32589.43860751464,
  "bic": 32618.954850222235,
  "max_log_likelihood": -16287.71930375732,
  "info": {
    "n_simulations": 60000,
    "n_accepted": 300,
    "acceptance_rate": 0.005,
    "epsilon": 73507.13967211761,
    "quantile": 0.005,
    "simulate_noise": true,
    "space": "flux",
    "scatter_param": null,
    "n_jobs": 48,
    "distance": "chi2_distance",
    "likelihood_space": "flux"
  }
}