{
  "mock": "bazin_sn",
  "sampler": "abc",
  "label": "ABC",
  "params": [
    "amplitude",
    "t0",
    "tau_rise",
    "tau_fall"
  ],
  "truth": {
    "amplitude": 5.0,
    "t0": 20.0,
    "tau_rise": 4.0,
    "tau_fall": 25.0
  },
  "recovery": {
    "amplitude": {
      "true": 5.0,
      "median": 4.797845005694144,
      "mean": 4.846458451997404,
      "std": 0.8043150126633516,
      "ci68": [
        3.948464581153144,
        5.720398201161712
      ],
      "ci95": [
        3.562436113064426,
        6.429353632653352
      ],
      "bias": -0.2021549943058556,
      "z_score": -0.2513380841126587,
      "within_68": true,
      "within_95": true
    },
    "t0": {
      "true": 20.0,
      "median": 19.936309071656943,
      "mean": 20.4698885819564,
      "std": 3.1774413128912604,
      "ci68": [
        17.214215594865383,
        24.13033349391717
      ],
      "ci95": [
        15.838121929301016,
        27.315356747357345
      ],
      "bias": -0.0636909283430569,
      "z_score": -0.02004472217461741,
      "within_68": true,
      "within_95": true
    },
    "tau_rise": {
      "true": 4.0,
      "median": 4.28519253684752,
      "mean": 4.224959925503359,
      "std": 1.2411684402411594,
      "ci68": [
        2.824914603397415,
        5.538562792769834
      ],
      "ci95": [
        1.9011356420984091,
        6.445804745372681
      ],
      "bias": 0.28519253684751966,
      "z_score": 0.2297774642030913,
      "within_68": true,
      "within_95": true
    },
    "tau_fall": {
      "true": 25.0,
      "median": 27.173272995225453,
      "mean": 28.316160951795187,
      "std": 8.475329076826169,
      "ci68": [
        19.320521341036336,
        37.41959085980725
      ],
      "ci95": [
        15.615984852640493,
        46.70666950677617
      ],
      "bias": 2.173272995225453,
      "z_score": 0.25642343506965015,
      "within_68": true,
      "within_95": true
    },
    "_summary": {
      "max_abs_z": 0.25642343506965015,
      "rms_z": 0.21337952369018534,
      "coverage68": 1.0,
      "coverage95": 1.0,
      "n_params": 4
    }
  },
  "ppc": {
    "reduced_chi2": 1.3966431849766425,
    "coverage68": 0.9125,
    "coverage95": 1.0,
    "bayesian_p_value": 0.0,
    "dof": 76
  },
  "runtime_s": 5.253234192728996,
  "wall_s": 5.333112545311451,
  "n_samples": 600,
  "aic": -42.364150210768585,
  "bic": -32.83604367207306,
  "waic": 935.2061074345162,
  "info": {}
}