{
  "mock": "gp4",
  "sampler": "npe",
  "label": "NPE (GPU)",
  "params": [
    "A1",
    "mu1",
    "A2",
    "mu2"
  ],
  "truth": {
    "A1": 3.3,
    "mu1": 8.0,
    "A2": 4.6,
    "mu2": 16.0
  },
  "recovery": {
    "A1": {
      "true": 3.3,
      "median": 3.366201162338257,
      "mean": 3.3673930145104727,
      "std": 0.04472360073534635,
      "ci68": [
        3.3235520935058593,
        3.411515474319458
      ],
      "ci95": [
        3.281718575954437,
        3.4560200750827788
      ],
      "bias": 0.06620116233825701,
      "z_score": 1.4802288109583344,
      "within_68": false,
      "within_95": true
    },
    "mu1": {
      "true": 8.0,
      "median": 8.012636661529541,
      "mean": 8.012960711240769,
      "std": 0.03427558795852338,
      "ci68": [
        7.978842830657959,
        8.046274604797363
      ],
      "ci95": [
        7.9482262134552,
        8.08258318901062
      ],
      "bias": 0.012636661529541016,
      "z_score": 0.3686781841593072,
      "within_68": true,
      "within_95": true
    },
    "A2": {
      "true": 4.6,
      "median": 4.599107027053833,
      "mean": 4.598803086996078,
      "std": 0.10713163498392941,
      "ci68": [
        4.492395401000977,
        4.705851154327393
      ],
      "ci95": [
        4.390103077888488,
        4.8086993336677555
      ],
      "bias": -0.0008929729461666369,
      "z_score": -0.008335287203453862,
      "within_68": true,
      "within_95": true
    },
    "mu2": {
      "true": 16.0,
      "median": 15.995725154876709,
      "mean": 15.99592302083969,
      "std": 0.018523293597823152,
      "ci68": [
        15.977493629455566,
        16.014300842285156
      ],
      "ci95": [
        15.960030198097229,
        16.032671785354616
      ],
      "bias": -0.004274845123291016,
      "z_score": -0.23078212849756877,
      "within_68": true,
      "within_95": true
    },
    "_summary": {
      "max_abs_z": 1.4802288109583344,
      "rms_z": 0.7714160362788618,
      "coverage68": 0.75,
      "coverage95": 1.0,
      "n_params": 4
    }
  },
  "ppc": {
    "reduced_chi2": 0.9307785653509382,
    "coverage68": 0.6888888888888889,
    "coverage95": 0.9777777777777777,
    "bayesian_p_value": 0.505,
    "dof": 86
  },
  "runtime_s": 95.00639667734504,
  "wall_s": 106.3263819180429,
  "n_samples": 6000,
  "aic": -88.02570468243692,
  "bic": -78.02646600111586,
  "waic": -75.89484284524119,
  "info": {
    "device": "cuda"
  }
}