{
  "mock": "damped_sine",
  "sampler": "abc_smc",
  "label": "ABC-SMC",
  "L": 60,
  "runtime_s": 592.0055532827973,
  "diagnostics": {
    "A": {
      "n_realizations": 60,
      "M": 790,
      "n_bins": 20,
      "counts": [
        0,
        0,
        0,
        0,
        0,
        1,
        6,
        3,
        5,
        4,
        4,
        3,
        11,
        7,
        6,
        4,
        1,
        2,
        1,
        2
      ],
      "expected": 3.0,
      "chi2": 54.66666666666668,
      "uniformity_p": 2.6138969273565736e-05,
      "frac_ranks": [
        0.2848101265822785,
        0.31139240506329113,
        0.3291139240506329,
        0.3379746835443038,
        0.3430379746835443,
        0.34430379746835443,
        0.34556962025316457,
        0.3658227848101266,
        0.37721518987341773,
        0.379746835443038,
        0.4,
        0.4189873417721519,
        0.42658227848101266,
        0.4341772151898734,
        0.44936708860759494,
        0.4569620253164557,
        0.46962025316455697,
        0.4708860759493671,
        0.48227848101265824,
        0.5151898734177215,
        0.5177215189873418,
        0.520253164556962,
        0.540506329113924,
        0.5746835443037974,
        0.5746835443037974,
        0.5784810126582278,
        0.6037974683544304,
        0.6037974683544304,
        0.6075949367088608,
        0.6113924050632912,
        0.6139240506329114,
        0.6164556962025316,
        0.6303797468354431,
        0.6329113924050633,
        0.6392405063291139,
        0.6468354430379747,
        0.649367088607595,
        0.6531645569620254,
        0.660759493670886,
        0.6683544303797468,
        0.6759493670886076,
        0.6784810126582278,
        0.6848101265822785,
        0.6987341772151898,
        0.7075949367088608,
        0.7075949367088608,
        0.7088607594936709,
        0.7126582278481013,
        0.7177215189873418,
        0.7240506329113924,
        0.760759493670886,
        0.7848101265822784,
        0.7860759493670886,
        0.7936708860759494,
        0.8265822784810126,
        0.850632911392405,
        0.9,
        0.9405063291139241,
        0.9658227848101266,
        1.0
      ],
      "ecdf": [
        0.016666666666666666,
        0.03333333333333333,
        0.05,
        0.06666666666666667,
        0.08333333333333333,
        0.1,
        0.11666666666666667,
        0.13333333333333333,
        0.15,
        0.16666666666666666,
        0.18333333333333332,
        0.2,
        0.21666666666666667,
        0.23333333333333334,
        0.25,
        0.26666666666666666,
        0.2833333333333333,
        0.3,
        0.31666666666666665,
        0.3333333333333333,
        0.35,
        0.36666666666666664,
        0.38333333333333336,
        0.4,
        0.4166666666666667,
        0.43333333333333335,
        0.45,
        0.4666666666666667,
        0.48333333333333334,
        0.5,
        0.5166666666666667,
        0.5333333333333333,
        0.55,
        0.5666666666666667,
        0.5833333333333334,
        0.6,
        0.6166666666666667,
        0.6333333333333333,
        0.65,
        0.6666666666666666,
        0.6833333333333333,
        0.7,
        0.7166666666666667,
        0.7333333333333333,
        0.75,
        0.7666666666666667,
        0.7833333333333333,
        0.8,
        0.8166666666666667,
        0.8333333333333334,
        0.85,
        0.8666666666666667,
        0.8833333333333333,
        0.9,
        0.9166666666666666,
        0.9333333333333333,
        0.95,
        0.9666666666666667,
        0.9833333333333333,
        1.0
      ]
    },
    "tau": {
      "n_realizations": 60,
      "M": 782,
      "n_bins": 20,
      "counts": [
        0,
        0,
        1,
        2,
        3,
        1,
        8,
        10,
        9,
        2,
        2,
        1,
        5,
        2,
        2,
        0,
        1,
        2,
        4,
        5
      ],
      "expected": 3.0,
      "chi2": 56.00000000000001,
      "uniformity_p": 1.6316715162765103e-05,
      "frac_ranks": [
        0.11125319693094629,
        0.149616368286445,
        0.19309462915601022,
        0.22250639386189258,
        0.22506393861892582,
        0.23017902813299232,
        0.28005115089514065,
        0.30179028132992325,
        0.31841432225063937,
        0.3209718670076726,
        0.32225063938618925,
        0.3375959079283887,
        0.3388746803069054,
        0.3452685421994885,
        0.34782608695652173,
        0.35421994884910485,
        0.35421994884910485,
        0.36445012787723785,
        0.36828644501278773,
        0.3734015345268542,
        0.37851662404092073,
        0.3797953964194373,
        0.38491048593350385,
        0.3874680306905371,
        0.39258312020460356,
        0.4079283887468031,
        0.4143222506393862,
        0.4194373401534527,
        0.4258312020460358,
        0.4296675191815857,
        0.43478260869565216,
        0.43478260869565216,
        0.4398976982097187,
        0.4411764705882353,
        0.4782608695652174,
        0.49872122762148335,
        0.5012787723785166,
        0.5025575447570333,
        0.5549872122762148,
        0.6035805626598465,
        0.612531969309463,
        0.6214833759590793,
        0.6265984654731458,
        0.6265984654731458,
        0.6534526854219949,
        0.6611253196930946,
        0.7071611253196931,
        0.7289002557544757,
        0.8248081841432225,
        0.8567774936061381,
        0.8849104859335039,
        0.9194373401534527,
        0.9360613810741688,
        0.9373401534526854,
        0.9424552429667519,
        0.9539641943734015,
        0.9820971867007673,
        0.9859335038363172,
        0.9961636828644501,
        1.0
      ],
      "ecdf": [
        0.016666666666666666,
        0.03333333333333333,
        0.05,
        0.06666666666666667,
        0.08333333333333333,
        0.1,
        0.11666666666666667,
        0.13333333333333333,
        0.15,
        0.16666666666666666,
        0.18333333333333332,
        0.2,
        0.21666666666666667,
        0.23333333333333334,
        0.25,
        0.26666666666666666,
        0.2833333333333333,
        0.3,
        0.31666666666666665,
        0.3333333333333333,
        0.35,
        0.36666666666666664,
        0.38333333333333336,
        0.4,
        0.4166666666666667,
        0.43333333333333335,
        0.45,
        0.4666666666666667,
        0.48333333333333334,
        0.5,
        0.5166666666666667,
        0.5333333333333333,
        0.55,
        0.5666666666666667,
        0.5833333333333334,
        0.6,
        0.6166666666666667,
        0.6333333333333333,
        0.65,
        0.6666666666666666,
        0.6833333333333333,
        0.7,
        0.7166666666666667,
        0.7333333333333333,
        0.75,
        0.7666666666666667,
        0.7833333333333333,
        0.8,
        0.8166666666666667,
        0.8333333333333334,
        0.85,
        0.8666666666666667,
        0.8833333333333333,
        0.9,
        0.9166666666666666,
        0.9333333333333333,
        0.95,
        0.9666666666666667,
        0.9833333333333333,
        1.0
      ]
    },
    "freq": {
      "n_realizations": 60,
      "M": 783,
      "n_bins": 20,
      "counts": [
        0,
        0,
        0,
        0,
        0,
        0,
        0,
        0,
        2,
        18,
        27,
        7,
        4,
        1,
        0,
        0,
        0,
        0,
        0,
        1
      ],
      "expected": 3.0,
      "chi2": 314.6666666666667,
      "uniformity_p": 1.9557848127756316e-55,