{
  "mock": "damped_sine",
  "sampler": "abc",
  "label": "ABC",
  "params": [
    "A",
    "tau",
    "freq",
    "phase"
  ],
  "truth": {
    "A": 5.0,
    "tau": 10.0,
    "freq": 0.07,
    "phase": 1.0
  },
  "recovery": {
    "A": {
      "true": 5.0,
      "median": 4.615508947545367,
      "mean": 4.8507013597347335,
      "std": 1.2325301895567802,
      "ci68": [
        3.5662965935104833,
        6.250734399191428
      ],
      "ci95": [
        2.923850363829497,
        7.413382418961834
      ],
      "bias": -0.3844910524546332,
      "z_score": -0.3119526448215413,
      "within_68": true,
      "within_95": true
    },
    "tau": {
      "true": 10.0,
      "median": 11.27128073878638,
      "mean": 13.056785226360741,
      "std": 6.238881167868072,
      "ci68": [
        7.122324999217591,
        19.639937455619407
      ],
      "ci95": [
        5.081948303456948,
        27.42683538709933
      ],
      "bias": 1.2712807387863805,
      "z_score": 0.20376742312929771,
      "within_68": true,
      "within_95": true
    },
    "freq": {
      "true": 0.07,
      "median": 0.07149448850209372,
      "mean": 0.0711922688255559,
      "std": 0.009249467057463807,
      "ci68": [
        0.06150326724143794,
        0.08091915903875373
      ],
      "ci95": [
        0.05443564616449746,
        0.08853098260684669
      ],
      "bias": 0.001494488502093716,
      "z_score": 0.16157563379694906,
      "within_68": true,
      "within_95": true
    },
    "phase": {
      "true": 1.0,
      "median": 0.9502800104141059,
      "mean": 0.9646781860645077,
      "std": 0.3745118307025563,
      "ci68": [
        0.579998902883726,
        1.369464736408208
      ],
      "ci95": [
        0.3049679539891599,
        1.647343449454685
      ],
      "bias": -0.049719989585894075,
      "z_score": -0.13275946314599216,
      "within_68": true,
      "within_95": true
    },
    "_summary": {
      "max_abs_z": 0.3119526448215413,
      "rms_z": 0.21363951871763262,
      "coverage68": 1.0,
      "coverage95": 1.0,
      "n_params": 4
    }
  },
  "ppc": {
    "reduced_chi2": 2.0688006898030653,
    "coverage68": 1.0,
    "coverage95": 1.0,
    "bayesian_p_value": 0.0,
    "dof": 96
  },
  "runtime_s": 6.084889732301235,
  "wall_s": 6.170460622757673,
  "n_samples": 600,
  "aic": 10.96857588485247,
  "bic": 21.389256628804834,
  "waic": 29031.507082725017,
  "info": {}
}