{
  "mock": "gp4",
  "sampler": "abc",
  "label": "ABC",
  "params": [
    "A1",
    "mu1",
    "A2",
    "mu2"
  ],
  "truth": {
    "A1": 3.3,
    "mu1": 8.0,
    "A2": 4.6,
    "mu2": 16.0
  },
  "recovery": {
    "A1": {
      "true": 3.3,
      "median": 3.2684028775609644,
      "mean": 3.28407214449686,
      "std": 0.6088852338122455,
      "ci68": [
        2.638427145592633,
        3.933392712550802
      ],
      "ci95": [
        2.1851359992855017,
        4.3871213424127955
      ],
      "bias": -0.03159712243903545,
      "z_score": -0.05189339580663681,
      "within_68": true,
      "within_95": true
    },
    "mu1": {
      "true": 8.0,
      "median": 7.966538069204518,
      "mean": 7.992018284648493,
      "std": 0.4016521397246189,
      "ci68": [
        7.578436297482908,
        8.427308948712975
      ],
      "ci95": [
        7.296676051547383,
        8.767707274290226
      ],
      "bias": -0.03346193079548243,
      "z_score": -0.08331072459473172,
      "within_68": true,
      "within_95": true
    },
    "A2": {
      "true": 4.6,
      "median": 4.5394632319011565,
      "mean": 4.546180986321756,
      "std": 0.6252747639392701,
      "ci68": [
        3.865870057908201,
        5.219974516705128
      ],
      "ci95": [
        3.4419962403499027,
        5.717459196788772
      ],
      "bias": -0.06053676809884312,
      "z_score": -0.09681626636817661,
      "within_68": true,
      "within_95": true
    },
    "mu2": {
      "true": 16.0,
      "median": 15.976689343459217,
      "mean": 15.990082008610045,
      "std": 0.2922313110689492,
      "ci68": [
        15.678455531143424,
        16.307420616732234
      ],
      "ci95": [
        15.44606087943564,
        16.533319747254723
      ],
      "bias": -0.023310656540783015,
      "z_score": -0.079767826573803,
      "within_68": true,
      "within_95": true
    },
    "_summary": {
      "max_abs_z": 0.09681626636817661,
      "rms_z": 0.07963965242048955,
      "coverage68": 1.0,
      "coverage95": 1.0,
      "n_params": 4
    }
  },
  "ppc": {
    "reduced_chi2": 1.6518966786413076,
    "coverage68": 0.8555555555555555,
    "coverage95": 0.9888888888888889,
    "bayesian_p_value": 0.0,
    "dof": 86
  },
  "runtime_s": 6.201846793293953,
  "wall_s": 6.3133032731711864,
  "n_samples": 600,
  "amortized_s": null,
  "aic": -26.00954693946514,
  "bic": -16.01030825814408,
  "waic": 8378.283565034613,
  "info": {
    "simulate_noise": true
  }
}