{
  "mock": "gp2",
  "sampler": "abc",
  "label": "ABC",
  "params": [
    "A1",
    "mu1"
  ],
  "truth": {
    "A1": 3.3,
    "mu1": 12.0
  },
  "recovery": {
    "A1": {
      "true": 3.3,
      "median": 3.3242616582412703,
      "mean": 3.3333549434805976,
      "std": 0.1791531646729177,
      "ci68": [
        3.1301933493133185,
        3.532430726088688
      ],
      "ci95": [
        3.026878540420994,
        3.6483744168564587
      ],
      "bias": 0.024261658241270467,
      "z_score": 0.13542411201926183,
      "within_68": true,
      "within_95": true
    },
    "mu1": {
      "true": 12.0,
      "median": 11.970085825971724,
      "mean": 11.976911365707343,
      "std": 0.10919807291416278,
      "ci68": [
        11.86098190173054,
        12.100357420396994
      ],
      "ci95": [
        11.794682904195227,
        12.179685727858615
      ],
      "bias": -0.029914174028276008,
      "z_score": -0.2739441569796805,
      "within_68": true,
      "within_95": true
    },
    "_summary": {
      "max_abs_z": 0.2739441569796805,
      "rms_z": 0.2160845798055861,
      "coverage68": 1.0,
      "coverage95": 1.0,
      "n_params": 2
    }
  },
  "ppc": {
    "reduced_chi2": 0.9122541258553386,
    "coverage68": 0.7222222222222222,
    "coverage95": 0.9888888888888889,
    "bayesian_p_value": 0.21,
    "dof": 88
  },
  "runtime_s": 5.231650039553642,
  "wall_s": 5.295992314815521,
  "n_samples": 600,
  "aic": -91.79429822734781,
  "bic": -86.79467888668728,
  "waic": -24.99183679672776,
  "info": {}
}