{
  "mock": "bazin_sn",
  "sampler": "npe_mdn",
  "label": "NPE-MDN (GPU)",
  "params": [
    "amplitude",
    "t0",
    "tau_rise",
    "tau_fall"
  ],
  "truth": {
    "amplitude": 5.0,
    "t0": 20.0,
    "tau_rise": 4.0,
    "tau_fall": 25.0
  },
  "recovery": {
    "amplitude": {
      "true": 5.0,
      "median": 5.074683666229248,
      "mean": 5.1429118032455445,
      "std": 0.4128013915301528,
      "ci68": [
        4.773329563140869,
        5.609819297790527
      ],
      "ci95": [
        4.503109204769134,
        6.02264734506607
      ],
      "bias": 0.07468366622924805,
      "z_score": 0.1809191242122856,
      "within_68": true,
      "within_95": true
    },
    "t0": {
      "true": 20.0,
      "median": 20.841374397277832,
      "mean": 21.876924013233186,
      "std": 3.5784271178896296,
      "ci68": [
        19.305343322753906,
        23.94491065979004
      ],
      "ci95": [
        17.933936309814452,
        32.267574787139885
      ],
      "bias": 0.841374397277832,
      "z_score": 0.23512408372705126,
      "within_68": true,
      "within_95": true
    },
    "tau_rise": {
      "true": 4.0,
      "median": 4.080173969268799,
      "mean": 4.190437765306235,
      "std": 1.1013683899919773,
      "ci68": [
        3.1088000679016115,
        5.465179023742675
      ],
      "ci95": [
        2.2353741228580475,
        6.332581114768982
      ],
      "bias": 0.08017396926879883,
      "z_score": 0.07279487045145978,
      "within_68": true,
      "within_95": true
    },
    "tau_fall": {
      "true": 25.0,
      "median": 25.563732147216797,
      "mean": 24.690523363018038,
      "std": 4.014031570253233,
      "ci68": [
        20.38409881591797,
        28.251426849365235
      ],
      "ci95": [
        15.034972763061523,
        30.535066938400266
      ],
      "bias": 0.5637321472167969,
      "z_score": 0.14044038701500117,
      "within_68": true,
      "within_95": true
    },
    "_summary": {
      "max_abs_z": 0.23512408372705126,
      "rms_z": 0.16810536853651786,
      "coverage68": 1.0,
      "coverage95": 1.0,
      "n_params": 4
    }
  },
  "ppc": {
    "reduced_chi2": 0.9515348906705011,
    "coverage68": 0.7875,
    "coverage95": 0.9875,
    "bayesian_p_value": 0.04,
    "dof": 76
  },
  "runtime_s": 357.9590930491686,
  "wall_s": 371.1956974938512,
  "n_samples": 10000,
  "aic": -76.19238057803534,
  "bic": -66.66427403933982,
  "waic": 1111.9955240882787,
  "info": {
    "device": "cuda",
    "density_estimator": "mdn",
    "embedding_net": null,
    "num_rounds": 1,
    "total_simulations": 30000
  }
}