{
  "mock": "bazin_sn",
  "sampler": "snpe5_plain",
  "label": "SNPE-5r (GPU, no embed)",
  "params": [
    "amplitude",
    "t0",
    "tau_rise",
    "tau_fall"
  ],
  "truth": {
    "amplitude": 5.0,
    "t0": 20.0,
    "tau_rise": 4.0,
    "tau_fall": 25.0
  },
  "recovery": {
    "amplitude": {
      "true": 5.0,
      "median": 5.190467119216919,
      "mean": 5.209239101928473,
      "std": 0.8886848719106069,
      "ci68": [
        4.4287786865234375,
        5.991874809265137
      ],
      "ci95": [
        3.500545334815979,
        6.990213835239409
      ],
      "bias": 0.19046711921691895,
      "z_score": 0.21432470073157509,
      "within_68": true,
      "within_95": true
    },
    "t0": {
      "true": 20.0,
      "median": 21.26813507080078,
      "mean": 21.528488284540177,
      "std": 3.7576009831658146,
      "ci68": [
        18.098958435058595,
        24.915961608886718
      ],
      "ci95": [
        14.937086200714111,
        29.8735303401947
      ],
      "bias": 1.2681350708007812,
      "z_score": 0.33748529353757123,
      "within_68": true,
      "within_95": true
    },
    "tau_rise": {
      "true": 4.0,
      "median": 4.116157293319702,
      "mean": 4.2609600048363205,
      "std": 2.0044258100041024,
      "ci68": [
        2.16406099319458,
        6.349017829895019
      ],
      "ci95": [
        0.9106544598937035,
        8.487907409667969
      ],
      "bias": 0.11615729331970215,
      "z_score": 0.057950407912311014,
      "within_68": true,
      "within_95": true
    },
    "tau_fall": {
      "true": 25.0,
      "median": 22.9329833984375,
      "mean": 23.302678265476228,
      "std": 4.557528309355749,
      "ci68": [
        18.91978874206543,
        27.60669578552246
      ],
      "ci95": [
        15.53256676197052,
        33.29142770767211
      ],
      "bias": -2.0670166015625,
      "z_score": -0.45353894946067663,
      "within_68": true,
      "within_95": true
    },
    "_summary": {
      "max_abs_z": 0.45353894946067663,
      "rms_z": 0.3036804361302014,
      "coverage68": 1.0,
      "coverage95": 1.0,
      "n_params": 4
    }
  },
  "ppc": {
    "reduced_chi2": 0.9635882289874154,
    "coverage68": 0.8875,
    "coverage95": 1.0,
    "bayesian_p_value": 0.0025,
    "dof": 76
  },
  "runtime_s": 399.9788286872208,
  "wall_s": 412.5782759860158,
  "n_samples": 10000,
  "amortized_s": 0.08587866276502609,
  "aic": -75.27632686594986,
  "bic": -65.74822032725433,
  "waic": 21485.21281852747,
  "info": {
    "device": "cuda",
    "density_estimator": "nsf",
    "embedding_net": null,
    "num_rounds": 5,
    "total_simulations": 15000,
    "x_format": "stacked",
    "sim_backend": "torch"
  }
}