{
  "mock": "bazin_sn",
  "sampler": "abc_smc",
  "label": "ABC-SMC",
  "params": [
    "amplitude",
    "t0",
    "tau_rise",
    "tau_fall"
  ],
  "truth": {
    "amplitude": 5.0,
    "t0": 20.0,
    "tau_rise": 4.0,
    "tau_fall": 25.0
  },
  "recovery": {
    "amplitude": {
      "true": 5.0,
      "median": 4.961282469515476,
      "mean": 4.964369184321113,
      "std": 0.21799705853184842,
      "ci68": [
        4.734267991444225,
        5.197790982588646
      ],
      "ci95": [
        4.5585538650891495,
        5.362194211464725
      ],
      "bias": -0.038717530484523976,
      "z_score": -0.17760574727602352,
      "within_68": true,
      "within_95": true
    },
    "t0": {
      "true": 20.0,
      "median": 20.010080551423282,
      "mean": 20.033134722282398,
      "std": 0.7718764607684084,
      "ci68": [
        19.199982128474474,
        20.883533928910573
      ],
      "ci95": [
        18.66604793122587,
        21.52300681174482
      ],
      "bias": 0.010080551423282458,
      "z_score": 0.013059798990692368,
      "within_68": true,
      "within_95": true
    },
    "tau_rise": {
      "true": 4.0,
      "median": 3.9610635755800385,
      "mean": 3.963627740067202,
      "std": 0.331779556606517,
      "ci68": [
        3.6099485764872625,
        4.324192782424975
      ],
      "ci95": [
        3.3465065870845474,
        4.560102505473298
      ],
      "bias": -0.03893642441996148,
      "z_score": -0.11735630976847436,
      "within_68": true,
      "within_95": true
    },
    "tau_fall": {
      "true": 25.0,
      "median": 25.873825182558587,
      "mean": 25.940010466473453,
      "std": 1.9524248212018478,
      "ci68": [
        23.79350950136502,
        28.128971282478428
      ],
      "ci95": [
        22.589758120189895,
        29.725869356635386
      ],
      "bias": 0.873825182558587,
      "z_score": 0.4475589395655651,
      "within_68": true,
      "within_95": true
    },
    "_summary": {
      "max_abs_z": 0.4475589395655651,
      "rms_z": 0.24788902135970003,
      "coverage68": 1.0,
      "coverage95": 1.0,
      "n_params": 4
    }
  },
  "ppc": {
    "reduced_chi2": 0.9366670805180558,
    "coverage68": 0.725,
    "coverage95": 0.975,
    "bayesian_p_value": 0.295,
    "dof": 76
  },
  "runtime_s": 32.67295176908374,
  "wall_s": 32.69034185260534,
  "n_samples": 1500,
  "aic": -77.32233414962118,
  "bic": -67.79422761092566,
  "waic": -49.88033904895035,
  "info": {
    "total_simulations": 622400
  }
}