{
  "mock": "bazin_sn",
  "sampler": "snpe5_tcn",
  "label": "SNPE-5r (GPU, TCN embed)",
  "params": [
    "amplitude",
    "t0",
    "tau_rise",
    "tau_fall"
  ],
  "truth": {
    "amplitude": 5.0,
    "t0": 20.0,
    "tau_rise": 4.0,
    "tau_fall": 25.0
  },
  "recovery": {
    "amplitude": {
      "true": 5.0,
      "median": 5.087369918823242,
      "mean": 5.072935271239281,
      "std": 0.5130652973968326,
      "ci68": [
        4.572596378326416,
        5.569937343597412
      ],
      "ci95": [
        4.04895635843277,
        5.985971295833587
      ],
      "bias": 0.08736991882324219,
      "z_score": 0.17029005716530765,
      "within_68": true,
      "within_95": true
    },
    "t0": {
      "true": 20.0,
      "median": 20.062578201293945,
      "mean": 21.04908850698471,
      "std": 3.819487339115492,
      "ci68": [
        18.130052795410155,
        23.51520797729492
      ],
      "ci95": [
        16.747156715393068,
        33.10687370300293
      ],
      "bias": 0.06257820129394531,
      "z_score": 0.016383926882825334,
      "within_68": true,
      "within_95": true
    },
    "tau_rise": {
      "true": 4.0,
      "median": 3.5987966060638428,
      "mean": 3.545634498882294,
      "std": 1.4200205021529302,
      "ci68": [
        2.0904155445098875,
        4.846148929595947
      ],
      "ci95": [
        0.7838835433125496,
        6.403395473957062
      ],
      "bias": -0.4012033939361572,
      "z_score": -0.28253352210611204,
      "within_68": true,
      "within_95": true
    },
    "tau_fall": {
      "true": 25.0,
      "median": 26.491808891296387,
      "mean": 26.277402647686003,
      "std": 4.6404843193461085,
      "ci68": [
        21.957351837158203,
        30.497881393432618
      ],
      "ci95": [
        16.121215915679933,
        34.89114427566528
      ],
      "bias": 1.4918088912963867,
      "z_score": 0.3214769814170168,
      "within_68": true,
      "within_95": true
    },
    "_summary": {
      "max_abs_z": 0.3214769814170168,
      "rms_z": 0.23045594878639356,
      "coverage68": 1.0,
      "coverage95": 1.0,
      "n_params": 4
    }
  },
  "ppc": {
    "reduced_chi2": 0.9876925949887387,
    "coverage68": 0.7875,
    "coverage95": 0.975,
    "bayesian_p_value": 0.015,
    "dof": 76
  },
  "runtime_s": 368.5090508759022,
  "wall_s": 380.69658693671227,
  "n_samples": 10000,
  "amortized_s": 0.08693655580282211,
  "aic": -73.44439504984928,
  "bic": -63.91628851115375,
  "waic": 5053.8839739889045,
  "info": {
    "device": "cuda",
    "density_estimator": "nsf",
    "embedding_net": "tcn",
    "num_rounds": 5,
    "total_simulations": 15000,
    "x_format": "stacked",
    "sim_backend": "torch"
  }
}