{
  "mock": "damped_sine",
  "sampler": "abc",
  "label": "ABC",
  "L": 100,
  "runtime_s": 335.11206190660596,
  "diagnostics": {
    "A": {
      "n_realizations": 100,
      "M": 297,
      "n_bins": 20,
      "counts": [
        0,
        0,
        0,
        0,
        0,
        0,
        5,
        8,
        7,
        8,
        8,
        15,
        8,
        12,
        11,
        6,
        4,
        5,
        0,
        3
      ],
      "expected": 5.0,
      "chi2": 81.2,
      "uniformity_p": 1.153994259221789e-09,
      "frac_ranks": [
        0.31986531986531985,
        0.3265993265993266,
        0.3265993265993266,
        0.3333333333333333,
        0.3434343434343434,
        0.3501683501683502,
        0.367003367003367,
        0.37373737373737376,
        0.3771043771043771,
        0.38047138047138046,
        0.3872053872053872,
        0.3872053872053872,
        0.39730639730639733,
        0.4006734006734007,
        0.42424242424242425,
        0.4276094276094276,
        0.4377104377104377,
        0.44107744107744107,
        0.4444444444444444,
        0.4478114478114478,
        0.4511784511784512,
        0.45791245791245794,
        0.4612794612794613,
        0.468013468013468,
        0.48484848484848486,
        0.49158249158249157,
        0.494949494949495,
        0.4983164983164983,
        0.5151515151515151,
        0.5286195286195287,
        0.5286195286195287,
        0.5387205387205387,
        0.5387205387205387,
        0.5420875420875421,
        0.5454545454545454,
        0.5454545454545454,
        0.5521885521885522,
        0.5555555555555556,
        0.5622895622895623,
        0.5656565656565656,
        0.5656565656565656,
        0.5656565656565656,
        0.569023569023569,
        0.5723905723905723,
        0.5824915824915825,
        0.5892255892255892,
        0.5925925925925926,
        0.5925925925925926,
        0.5925925925925926,
        0.5993265993265994,
        0.5993265993265994,
        0.6026936026936027,
        0.6060606060606061,
        0.6060606060606061,
        0.6161616161616161,
        0.622895622895623,
        0.6430976430976431,
        0.6498316498316499,
        0.6498316498316499,
        0.6565656565656566,
        0.67003367003367,
        0.6734006734006734,
        0.6734006734006734,
        0.6767676767676768,
        0.6767676767676768,
        0.6835016835016835,
        0.6835016835016835,
        0.6868686868686869,
        0.6868686868686869,
        0.6936026936026936,
        0.696969696969697,
        0.7037037037037037,
        0.7104377104377104,
        0.7104377104377104,
        0.7138047138047138,
        0.7205387205387206,
        0.7272727272727273,
        0.7272727272727273,
        0.7272727272727273,
        0.7373737373737373,
        0.7407407407407407,
        0.7407407407407407,
        0.7542087542087542,
        0.7542087542087542,
        0.7710437710437711,
        0.7744107744107744,
        0.7878787878787878,
        0.7946127946127947,
        0.8047138047138047,
        0.8181818181818182,
        0.8316498316498316,
        0.8451178451178452,
        0.8787878787878788,
        0.8787878787878788,
        0.8888888888888888,
        0.8922558922558923,
        0.898989898989899,
        0.9595959595959596,
        0.9696969696969697,
        1.0
      ],
      "ecdf": [
        0.01,
        0.02,
        0.03,
        0.04,
        0.05,
        0.06,
        0.07,
        0.08,
        0.09,
        0.1,
        0.11,
        0.12,
        0.13,
        0.14,
        0.15,
        0.16,
        0.17,
        0.18,
        0.19,
        0.2,
        0.21,
        0.22,
        0.23,
        0.24,
        0.25,
        0.26,
        0.27,
        0.28,
        0.29,
        0.3,
        0.31,
        0.32,
        0.33,
        0.34,
        0.35,
        0.36,
        0.37,
        0.38,
        0.39,
        0.4,
        0.41,
        0.42,
        0.43,
        0.44,
        0.45,
        0.46,
        0.47,
        0.48,
        0.49,
        0.5,
        0.51,
        0.52,
        0.53,
        0.54,
        0.55,
        0.56,
        0.57,
        0.58,
        0.59,
        0.6,
        0.61,
        0.62,
        0.63,
        0.64,
        0.65,
        0.66,
        0.67,
        0.68,
        0.69,
        0.7,
        0.71,
        0.72,
        0.73,
        0.74,
        0.75,
        0.76,
        0.77,
        0.78,
        0.79,
        0.8,
        0.81,
        0.82,
        0.83,
        0.84,
        0.85,
        0.86,
        0.87,
        0.88,
        0.89,
        0.9,
        0.91,
        0.92,
        0.93,
        0.94,
        0.95,
        0.96,
        0.97,
        0.98,
        0.99,
        1.0
      ]
    },
    "tau": {
      "n_realizations": 100,
      "M": 297,
      "n_bins": 20,
      "counts": [
        0,
        2,
        0,
        2,
        3,
        4,
        15,
        12,
        10,
        11,
        5,
        2,
        7,
        5,
        4,
        1,
        5,
        1,
        5,
        6
      ],
      "expected": 5.0,
      "chi2": 66.0,
      "uniformity_p": 4.1960779432353866e-07,