{
  "mock": "bazin_sn",
  "sampler": "npe_mdn",
  "label": "NPE-MDN (GPU)",
  "params": [
    "amplitude",
    "t0",
    "tau_rise",
    "tau_fall"
  ],
  "truth": {
    "amplitude": 5.0,
    "t0": 20.0,
    "tau_rise": 4.0,
    "tau_fall": 25.0
  },
  "recovery": {
    "amplitude": {
      "true": 5.0,
      "median": 4.1106953620910645,
      "mean": 4.761434846580029,
      "std": 1.8544511552982714,
      "ci68": [
        3.452220735549927,
        6.061220779418945
      ],
      "ci95": [
        2.962078958749771,
        10.727353453636168
      ],
      "bias": -0.8893046379089355,
      "z_score": -0.4795513946906297,
      "within_68": true,
      "within_95": true
    },
    "t0": {
      "true": 20.0,
      "median": 19.165977478027344,
      "mean": 20.477294633817674,
      "std": 6.761033600746367,
      "ci68": [
        13.818663673400879,
        27.97079650878906
      ],
      "ci95": [
        10.061317443847656,
        35.014935588836664
      ],
      "bias": -0.8340225219726562,
      "z_score": -0.123357251453474,
      "within_68": true,
      "within_95": true
    },
    "tau_rise": {
      "true": 4.0,
      "median": 5.532972097396851,
      "mean": 5.931049906337261,
      "std": 3.0776775609573646,
      "ci68": [
        2.5375676631927493,
        9.605449409484864
      ],
      "ci95": [
        1.0677557170391083,
        11.464802908897399
      ],
      "bias": 1.5329720973968506,
      "z_score": 0.4980937954137058,
      "within_68": true,
      "within_95": true
    },
    "tau_fall": {
      "true": 25.0,
      "median": 34.80769729614258,
      "mean": 33.12457865047455,
      "std": 13.257316907449049,
      "ci68": [
        17.853888549804687,
        47.361789550781246
      ],
      "ci95": [
        10.149309587478637,
        55.72816181182861
      ],
      "bias": 9.807697296142578,
      "z_score": 0.7397950403246232,
      "within_68": true,
      "within_95": true
    },
    "_summary": {
      "max_abs_z": 0.7397950403246232,
      "rms_z": 0.5100442829682599,
      "coverage68": 1.0,
      "coverage95": 1.0,
      "n_params": 4
    }
  },
  "ppc": {
    "reduced_chi2": 1.1011275622850334,
    "coverage68": 0.8,
    "coverage95": 1.0,
    "bayesian_p_value": 0.0,
    "dof": 76
  },
  "runtime_s": 185.52705659344792,
  "wall_s": 197.79398900270462,
  "n_samples": 10000,
  "amortized_s": 0.00815964862704277,
  "aic": -64.8233375353309,
  "bic": -55.29523099663537,
  "waic": 112702.27510512859,
  "info": {
    "device": "cuda",
    "density_estimator": "mdn",
    "embedding_net": null,
    "num_rounds": 1,
    "total_simulations": 30000,
    "x_format": "stacked",
    "sim_backend": "torch"
  }
}