{
  "mock": "gp6",
  "sampler": "abc",
  "label": "ABC",
  "params": [
    "A1",
    "mu1",
    "A2",
    "mu2",
    "A3",
    "mu3"
  ],
  "truth": {
    "A1": 3.3,
    "mu1": 6.666666666666666,
    "A2": 4.6,
    "mu2": 12.0,
    "A3": 5.9,
    "mu3": 17.333333333333332
  },
  "recovery": {
    "A1": {
      "true": 3.3,
      "median": 3.062501166077604,
      "mean": 3.089701343977381,
      "std": 0.856114796981899,
      "ci68": [
        2.213428122795106,
        4.019784728632143
      ],
      "ci95": [
        1.4935392279853472,
        4.89194616673048
      ],
      "bias": -0.237498833922396,
      "z_score": -0.2774147050835491,
      "within_68": true,
      "within_95": true
    },
    "mu1": {
      "true": 6.666666666666666,
      "median": 6.632264883519867,
      "mean": 6.666081806161305,
      "std": 0.6420640068329481,
      "ci68": [
        6.021030761388644,
        7.334543589775181
      ],
      "ci95": [
        5.476730567397619,
        7.892883622178526
      ],
      "bias": -0.03440178314679887,
      "z_score": -0.05357999012666896,
      "within_68": true,
      "within_95": true
    },
    "A2": {
      "true": 4.6,
      "median": 4.626997607171334,
      "mean": 4.594896749727678,
      "std": 0.8781957933345649,
      "ci68": [
        3.66975101823545,
        5.539696194413017
      ],
      "ci95": [
        2.9207574105187777,
        6.159506233369036
      ],
      "bias": 0.02699760717133426,
      "z_score": 0.030742127639694833,
      "within_68": true,
      "within_95": true
    },
    "mu2": {
      "true": 12.0,
      "median": 11.98147406443794,
      "mean": 11.996215124767229,
      "std": 0.42918532913477736,
      "ci68": [
        11.5539124631968,
        12.466253090808454
      ],
      "ci95": [
        11.214843898589141,
        12.778848899373381
      ],
      "bias": -0.01852593556206017,
      "z_score": -0.043165351433162476,
      "within_68": true,
      "within_95": true
    },
    "A3": {
      "true": 5.9,
      "median": 5.773108684315096,
      "mean": 5.810110652499715,
      "std": 0.8337561375987388,
      "ci68": [
        4.95059095451194,
        6.664883814426913
      ],
      "ci95": [
        4.219905173415942,
        7.395424721186314
      ],
      "bias": -0.12689131568490453,
      "z_score": -0.15219236172624545,
      "within_68": true,
      "within_95": true
    },
    "mu3": {
      "true": 17.333333333333332,
      "median": 17.328234843143715,
      "mean": 17.32692444693846,
      "std": 0.319939937393844,
      "ci68": [
        17.002160975670378,
        17.674862773847078
      ],
      "ci95": [
        16.729579515759315,
        17.911382859810463
      ],
      "bias": -0.005098490189617166,
      "z_score": -0.015935772917717857,
      "within_68": true,
      "within_95": true
    },
    "_summary": {
      "max_abs_z": 0.2774147050835491,
      "rms_z": 0.13295019351937,
      "coverage68": 1.0,
      "coverage95": 1.0,
      "n_params": 6
    }
  },
  "ppc": {
    "reduced_chi2": 3.5019694091391926,
    "coverage68": 0.9111111111111111,
    "coverage95": 0.9888888888888889,
    "bayesian_p_value": 0.0,
    "dof": 84
  },
  "runtime_s": 8.484389688819647,
  "wall_s": 8.621809490025043,
  "n_samples": 600,
  "amortized_s": null,
  "aic": 130.09276906507458,
  "bic": 145.09162708705617,
  "waic": 48025.53017836953,
  "info": {
    "simulate_noise": true
  }
}