{
  "mock": "bazin_sn",
  "sampler": "abc",
  "label": "ABC",
  "L": 100,
  "runtime_s": 285.3516863025725,
  "diagnostics": {
    "amplitude": {
      "n_realizations": 100,
      "M": 290,
      "n_bins": 20,
      "counts": [
        0,
        0,
        1,
        3,
        5,
        6,
        6,
        3,
        5,
        6,
        8,
        12,
        9,
        4,
        7,
        11,
        4,
        3,
        4,
        3
      ],
      "expected": 5.0,
      "chi2": 40.4,
      "uniformity_p": 0.002898645417280315,
      "frac_ranks": [
        0.11724137931034483,
        0.15517241379310345,
        0.1896551724137931,
        0.19310344827586207,
        0.21379310344827587,
        0.23448275862068965,
        0.2413793103448276,
        0.24482758620689654,
        0.24482758620689654,
        0.25862068965517243,
        0.2620689655172414,
        0.2655172413793103,
        0.2689655172413793,
        0.2689655172413793,
        0.2896551724137931,
        0.3,
        0.30344827586206896,
        0.3275862068965517,
        0.33448275862068966,
        0.3448275862068966,
        0.3482758620689655,
        0.3758620689655172,
        0.38620689655172413,
        0.39655172413793105,
        0.41724137931034483,
        0.41724137931034483,
        0.4241379310344828,
        0.42758620689655175,
        0.4379310344827586,
        0.46206896551724136,
        0.4827586206896552,
        0.49310344827586206,
        0.49310344827586206,
        0.49310344827586206,
        0.496551724137931,
        0.503448275862069,
        0.506896551724138,
        0.5137931034482759,
        0.5137931034482759,
        0.5172413793103449,
        0.5344827586206896,
        0.5379310344827586,
        0.5413793103448276,
        0.5517241379310345,
        0.5620689655172414,
        0.5655172413793104,
        0.5689655172413793,
        0.5862068965517241,
        0.5896551724137931,
        0.593103448275862,
        0.593103448275862,
        0.593103448275862,
        0.593103448275862,
        0.593103448275862,
        0.6,
        0.6068965517241379,
        0.6137931034482759,
        0.6137931034482759,
        0.6137931034482759,
        0.6275862068965518,
        0.6310344827586207,
        0.6379310344827587,
        0.6448275862068965,
        0.6482758620689655,
        0.6517241379310345,
        0.6620689655172414,
        0.6724137931034483,
        0.7,
        0.7068965517241379,
        0.7172413793103448,
        0.7275862068965517,
        0.7275862068965517,
        0.7275862068965517,
        0.7310344827586207,
        0.7413793103448276,
        0.7586206896551724,
        0.7620689655172413,
        0.7655172413793103,
        0.7655172413793103,
        0.7689655172413793,
        0.7724137931034483,
        0.7758620689655172,
        0.7793103448275862,
        0.7827586206896552,
        0.7896551724137931,
        0.7931034482758621,
        0.8068965517241379,
        0.8068965517241379,
        0.8310344827586207,
        0.8344827586206897,
        0.8655172413793103,
        0.8724137931034482,
        0.8793103448275862,
        0.9241379310344827,
        0.9275862068965517,
        0.9344827586206896,
        0.9448275862068966,
        0.9517241379310345,
        0.9620689655172414,
        1.0
      ],
      "ecdf": [
        0.01,
        0.02,
        0.03,
        0.04,
        0.05,
        0.06,
        0.07,
        0.08,
        0.09,
        0.1,
        0.11,
        0.12,
        0.13,
        0.14,
        0.15,
        0.16,
        0.17,
        0.18,
        0.19,
        0.2,
        0.21,
        0.22,
        0.23,
        0.24,
        0.25,
        0.26,
        0.27,
        0.28,
        0.29,
        0.3,
        0.31,
        0.32,
        0.33,
        0.34,
        0.35,
        0.36,
        0.37,
        0.38,
        0.39,
        0.4,
        0.41,
        0.42,
        0.43,
        0.44,
        0.45,
        0.46,
        0.47,
        0.48,
        0.49,
        0.5,
        0.51,
        0.52,
        0.53,
        0.54,
        0.55,
        0.56,
        0.57,
        0.58,
        0.59,
        0.6,
        0.61,
        0.62,
        0.63,
        0.64,
        0.65,
        0.66,
        0.67,
        0.68,
        0.69,
        0.7,
        0.71,
        0.72,
        0.73,
        0.74,
        0.75,
        0.76,
        0.77,
        0.78,
        0.79,
        0.8,
        0.81,
        0.82,
        0.83,
        0.84,
        0.85,
        0.86,
        0.87,
        0.88,
        0.89,
        0.9,
        0.91,
        0.92,
        0.93,
        0.94,
        0.95,
        0.96,
        0.97,
        0.98,
        0.99,
        1.0
      ]
    },
    "t0": {
      "n_realizations": 100,
      "M": 289,
      "n_bins": 20,
      "counts": [
        1,
        1,
        0,
        0,
        4,
        9,
        8,
        6,
        6,
        11,
        8,
        11,
        5,
        10,
        1,
        4,
        5,
        5,
        4,
        1
      ],
      "expected": 5.0,
      "chi2": 50.0,
      "uniformity_p": 0.0001310611647931629,
      "frac_ranks": [
        0.04152249134948097,
        0.058823529411764705,
        0.2041522491349481,
        0.23875432525951557,
        0.23875432525951557,
        0.23875432525951557,
        0.2491349480968858,
        0.25259515570934254,
        0.25259515570934254,
        0.25951557093425603,
        0.2768166089965398,
        0.2768166089965398,
        0.28027681660899656,
        0.28027681660899656,
        0.28719723183391005,
        0.3079584775086505,
        0.3079584775086505,
        0.31141868512110726,
        0.31141868512110726,
        0.31141868512110726,
        0.3217993079584775,
        0.328719723183391,
        0.34256055363321797,
        0.35294117647058826,
        0.3737024221453287,
        0.3771626297577855,
        0.38408304498269896,
        0.39100346020761245,
        0.39792387543252594,
        0.40484429065743943,
        0.4083044982698962,
        0.42214532871972316,
        0.42214532871972316,
        0.4359861591695502,
        0.4429065743944637,
        0.45674740484429066,
        0.46366782006920415,
        0.4671280276816609,
        0.4671280276816609,
        0.4671280276816609,
        0.47058823529411764,
        0.47058823529411764,
        0.4740484429065744,
        0.4844290657439446,
        0.48788927335640137,
        0.49480968858131485,
        0.5051903114186851,
        0.5190311418685121,
        0.5224913494809689,
        0.5259515570934256,
        0.5294117647058824,
        0.5363321799307958,
        0.5467128027681661,
        0.5467128027681661,
        0.5501730103806228,
        0.5536332179930796,
        0.5640138408304498,
        0.5640138408304498,
        0.5674740484429066,
        0.5674740484429066,
        0.5743944636678201,
        0.5813148788927336,
        0.5847750865051903,
        0.5847750865051903,
        0.5986159169550173,
        0.6089965397923875,
        0.6089965397923875,
        0.6124567474048442,
        0.6262975778546713,
        0.6401384083044983,
        0.6539792387543253,
        0.657439446366782,
        0.6608996539792388,
        0.6678200692041523,
        0.671280276816609,
        0.671280276816609,
        0.6851211072664359,
        0.6885813148788927,
        0.6920415224913494,
        0.698961937716263,
        0.7301038062283737,
        0.7785467128027682,
        0.7820069204152249,
        0.7889273356401384,
        0.7993079584775087,
        0.8304498269896193,
        0.8339100346020761,
        0.8408304498269896,
        0.8477508650519031,
        0.8477508650519031,
        0.8650519031141869,
        0.8719723183391004,
        0.8858131487889274,
        0.8858131487889274,
        0.8996539792387543,
        0.9065743944636678,
        0.9446366782006921,
        0.9446366782006921,
        0.9480968858131488,
        1.0
      ],