{
  "mock": "damped_sine",
  "sampler": "abc_smc",
  "label": "ABC-SMC",
  "params": [
    "A",
    "tau",
    "freq",
    "phase"
  ],
  "truth": {
    "A": 5.0,
    "tau": 10.0,
    "freq": 0.07,
    "phase": 1.0
  },
  "recovery": {
    "A": {
      "true": 5.0,
      "median": 4.958548832714687,
      "mean": 4.966465187228199,
      "std": 0.3645100156446682,
      "ci68": [
        4.572118925183743,
        5.373039180292182
      ],
      "ci95": [
        4.326761224201562,
        5.674958064840159
      ],
      "bias": -0.04145116728531306,
      "z_score": -0.11371749885117151,
      "within_68": true,
      "within_95": true
    },
    "tau": {
      "true": 10.0,
      "median": 10.295588096966336,
      "mean": 10.406990264966709,
      "std": 1.391914344628086,
      "ci68": [
        8.943247736281734,
        11.931630015487299
      ],
      "ci95": [
        7.99416665597547,
        13.137747822871773
      ],
      "bias": 0.2955880969663358,
      "z_score": 0.21236083822766824,
      "within_68": true,
      "within_95": true
    },
    "freq": {
      "true": 0.07,
      "median": 0.07097267424798268,
      "mean": 0.07090309091253963,
      "std": 0.002859259208548539,
      "ci68": [
        0.06779294075901807,
        0.0738777012691378
      ],
      "ci95": [
        0.06556164304497566,
        0.07628421866514773
      ],
      "bias": 0.0009726742479826689,
      "z_score": 0.34018400468016075,
      "within_68": true,
      "within_95": true
    },
    "phase": {
      "true": 1.0,
      "median": 0.9741818607611507,
      "mean": 0.9807371271329328,
      "std": 0.11969684951760817,
      "ci68": [
        0.8599236720685054,
        1.1039335041564993
      ],
      "ci95": [
        0.7682253518662957,
        1.2148133880589003
      ],
      "bias": -0.025818139238849347,
      "z_score": -0.21569606337091882,
      "within_68": true,
      "within_95": true
    },
    "_summary": {
      "max_abs_z": 0.34018400468016075,
      "rms_z": 0.23466931198585975,
      "coverage68": 1.0,
      "coverage95": 1.0,
      "n_params": 4
    }
  },
  "ppc": {
    "reduced_chi2": 1.2582970690206066,
    "coverage68": 0.85,
    "coverage95": 1.0,
    "bayesian_p_value": 0.0,
    "dof": 96
  },
  "runtime_s": 32.43318561464548,
  "wall_s": 32.49373282119632,
  "n_samples": 1500,
  "amortized_s": null,
  "aic": -66.83977171026355,
  "bic": -56.41909096631119,
  "waic": 607.528452782104,
  "info": {
    "total_simulations": 686400,
    "simulate_noise": true
  }
}