{
  "mock": "gp4",
  "sampler": "abc_smc",
  "label": "ABC-SMC",
  "params": [
    "A1",
    "mu1",
    "A2",
    "mu2"
  ],
  "truth": {
    "A1": 3.3,
    "mu1": 8.0,
    "A2": 4.6,
    "mu2": 16.0
  },
  "recovery": {
    "A1": {
      "true": 3.3,
      "median": 3.3019813347060447,
      "mean": 3.3025168490398706,
      "std": 0.14272304445463763,
      "ci68": [
        3.1410202824712585,
        3.454871340387322
      ],
      "ci95": [
        3.0491314784226202,
        3.5618875007003235
      ],
      "bias": 0.0019813347060448905,
      "z_score": 0.013882374171710076,
      "within_68": true,
      "within_95": true
    },
    "mu1": {
      "true": 8.0,
      "median": 8.031586356099995,
      "mean": 8.027856449921023,
      "std": 0.0970337990269726,
      "ci68": [
        7.919648457728352,
        8.13395927535648
      ],
      "ci95": [
        7.847582472323219,
        8.21073793110853
      ],
      "bias": 0.03158635609999472,
      "z_score": 0.32551911206954415,
      "within_68": true,
      "within_95": true
    },
    "A2": {
      "true": 4.6,
      "median": 4.590823781354892,
      "mean": 4.5860426519615745,
      "std": 0.1464934331051283,
      "ci68": [
        4.433949578174152,
        4.7463317153676865
      ],
      "ci95": [
        4.317197512559771,
        4.862197901265921
      ],
      "bias": -0.009176218645107426,
      "z_score": -0.06263911255682214,
      "within_68": true,
      "within_95": true
    },
    "mu2": {
      "true": 16.0,
      "median": 16.00595764871296,
      "mean": 16.005144099362532,
      "std": 0.06631855605274466,
      "ci68": [
        15.932047735788258,
        16.07645989717121
      ],
      "ci95": [
        15.883597227331935,
        16.12377762357354
      ],
      "bias": 0.005957648712961117,
      "z_score": 0.08983381224740272,
      "within_68": true,
      "within_95": true
    },
    "_summary": {
      "max_abs_z": 0.32551911206954415,
      "rms_z": 0.1718641795721229,
      "coverage68": 1.0,
      "coverage95": 1.0,
      "n_params": 4
    }
  },
  "ppc": {
    "reduced_chi2": 0.9445328985312574,
    "coverage68": 0.7555555555555555,
    "coverage95": 0.9888888888888889,
    "bayesian_p_value": 0.0775,
    "dof": 86
  },
  "runtime_s": 17.242661613970995,
  "wall_s": 17.26944113150239,
  "n_samples": 1500,
  "aic": -86.84283202892946,
  "bic": -76.8435933476084,
  "waic": -3.0820772205815663,
  "info": {}
}