{
  "mock": "bazin_sn",
  "sampler": "mcmc",
  "label": "MCMC",
  "L": 100,
  "runtime_s": 433.2259088717401,
  "diagnostics": {
    "amplitude": {
      "n_realizations": 100,
      "M": 9916,
      "n_bins": 20,
      "counts": [
        4,
        5,
        5,
        3,
        4,
        2,
        6,
        4,
        3,
        3,
        10,
        2,
        4,
        3,
        9,
        9,
        4,
        8,
        4,
        8
      ],
      "expected": 5.0,
      "chi2": 23.200000000000003,
      "uniformity_p": 0.2286475195552709,
      "frac_ranks": [
        0.008874546187979023,
        0.016841468334005648,
        0.020673658733360224,
        0.02127874142799516,
        0.05375151270673659,
        0.055869302137958855,
        0.06292860024203308,
        0.07220653489310205,
        0.0982250907624042,
        0.1054860830980234,
        0.1306978620411456,
        0.1344292053247277,
        0.13483259378781767,
        0.1472367890278338,
        0.16286809197256957,
        0.1736587333602259,
        0.19292053247277127,
        0.20038321903993545,
        0.20411456232351755,
        0.2145018152480839,
        0.222771278741428,
        0.26694231544977814,
        0.27773295683743443,
        0.3043565954013715,
        0.3125252117789431,
        0.31756756756756754,
        0.327148043565954,
        0.33511496571198063,
        0.3467123840258169,
        0.36244453408632515,
        0.376865671641791,
        0.37868091972569584,
        0.38735377168212987,
        0.40439693424768053,
        0.4056070996369504,
        0.42970956030657526,
        0.4572408229124647,
        0.4690399354578459,
        0.4720653489310206,
        0.5080677692617991,
        0.5157321500605083,
        0.5246066962484873,
        0.5330778539733764,
        0.536103267446551,
        0.5395320693828156,
        0.5410447761194029,
        0.5435659540137152,
        0.5454820492133925,
        0.5465913674868899,
        0.5502218636546995,
        0.5929810407422348,
        0.6112343686970553,
        0.6172851956434046,
        0.6305970149253731,
        0.6488503428801936,
        0.6536910044372731,
        0.691004437273094,
        0.6978620411456232,
        0.7034086325131101,
        0.7068374344493747,
        0.7197458652682533,
        0.7239814441306979,
        0.7274102460669625,
        0.732250907624042,
        0.735982250907624,
        0.736789027833804,
        0.7455627269060104,
        0.7509076240419524,
        0.7538321903993546,
        0.7789431222267044,
        0.7803549818475192,
        0.7807583703106091,
        0.7843888664784188,
        0.7875151270673659,
        0.7927591770875353,
        0.7954820492133925,
        0.8163574021782977,
        0.8167607906413876,
        0.8266438079870916,
        0.8477208551835418,
        0.8522589753933038,
        0.8627470754336426,
        0.864058087938685,
        0.8645623235175474,
        0.8808995562726906,
        0.8886647841871722,
        0.8918918918918919,
        0.895824929407019,
        0.9067164179104478,
        0.909439290036305,
        0.9229528035498185,
        0.9301129487696652,
        0.9594594594594594,
        0.9896127470754337,
        0.990923759580476,
        0.9920330778539733,
        0.9924364663170633,
        0.9934449374747882,
        0.9994957644211375,
        1.0
      ],
      "ecdf": [
        0.01,
        0.02,
        0.03,
        0.04,
        0.05,
        0.06,
        0.07,
        0.08,
        0.09,
        0.1,
        0.11,
        0.12,
        0.13,
        0.14,
        0.15,
        0.16,
        0.17,
        0.18,
        0.19,
        0.2,
        0.21,
        0.22,
        0.23,
        0.24,
        0.25,
        0.26,
        0.27,
        0.28,
        0.29,
        0.3,
        0.31,
        0.32,
        0.33,
        0.34,
        0.35,
        0.36,
        0.37,
        0.38,
        0.39,
        0.4,
        0.41,
        0.42,
        0.43,
        0.44,
        0.45,
        0.46,
        0.47,
        0.48,
        0.49,
        0.5,
        0.51,
        0.52,
        0.53,
        0.54,
        0.55,
        0.56,
        0.57,
        0.58,
        0.59,
        0.6,
        0.61,
        0.62,
        0.63,
        0.64,
        0.65,
        0.66,
        0.67,
        0.68,
        0.69,
        0.7,
        0.71,
        0.72,
        0.73,
        0.74,
        0.75,
        0.76,
        0.77,
        0.78,
        0.79,
        0.8,
        0.81,
        0.82,
        0.83,
        0.84,
        0.85,
        0.86,
        0.87,
        0.88,
        0.89,
        0.9,
        0.91,
        0.92,
        0.93,
        0.94,
        0.95,
        0.96,
        0.97,
        0.98,
        0.99,
        1.0
      ]
    },
    "t0": {
      "n_realizations": 100,
      "M": 10102,
      "n_bins": 20,
      "counts": [
        5,
        5,
        6,
        2,
        3,
        4,
        1,
        7,
        4,
        7,
        6,
        4,
        5,
        4,
        4,
        4,
        6,
        8,
        8,
        7
      ],
      "expected": 5.0,
      "chi2": 13.600000000000001,
      "uniformity_p": 0.8064901149045072,