{
  "mock": "bazin_sn",
  "sampler": "snpe_nsf",
  "label": "SNPE-NSF (GPU)",
  "params": [
    "amplitude",
    "t0",
    "tau_rise",
    "tau_fall"
  ],
  "truth": {
    "amplitude": 5.0,
    "t0": 20.0,
    "tau_rise": 4.0,
    "tau_fall": 25.0
  },
  "recovery": {
    "amplitude": {
      "true": 5.0,
      "median": 5.008455753326416,
      "mean": 4.994896408247948,
      "std": 0.20043222030036942,
      "ci68": [
        4.895431480407715,
        5.122700004577637
      ],
      "ci95": [
        4.752575421333313,
        5.242454314231873
      ],
      "bias": 0.008455753326416016,
      "z_score": 0.04218759495725863,
      "within_68": true,
      "within_95": true
    },
    "t0": {
      "true": 20.0,
      "median": 20.022183418273926,
      "mean": 20.00770542345047,
      "std": 0.4896747521433272,
      "ci68": [
        19.646904678344725,
        20.401877136230468
      ],
      "ci95": [
        19.175178480148315,
        20.809944438934327
      ],
      "bias": 0.02218341827392578,
      "z_score": 0.0453023525857276,
      "within_68": true,
      "within_95": true
    },
    "tau_rise": {
      "true": 4.0,
      "median": 3.9162728786468506,
      "mean": 3.90768052572608,
      "std": 0.19457500196975588,
      "ci68": [
        3.749656934738159,
        4.07693078994751
      ],
      "ci95": [
        3.5378087639808653,
        4.239611625671387
      ],
      "bias": -0.08372712135314941,
      "z_score": -0.4303076988593,
      "within_68": true,
      "within_95": true
    },
    "tau_fall": {
      "true": 25.0,
      "median": 25.613479614257812,
      "mean": 25.74264814052582,
      "std": 1.5954938732111505,
      "ci68": [
        24.665045166015624,
        26.607936553955078
      ],
      "ci95": [
        23.7210205078125,
        28.012875509262084
      ],
      "bias": 0.6134796142578125,
      "z_score": 0.3845076590755567,
      "within_68": true,
      "within_95": true
    },
    "_summary": {
      "max_abs_z": 0.4303076988593,
      "rms_z": 0.2901908647353625,
      "coverage68": 1.0,
      "coverage95": 1.0,
      "n_params": 4
    }
  },
  "ppc": {
    "reduced_chi2": 0.9338143556220497,
    "coverage68": 0.675,
    "coverage95": 0.975,
    "bayesian_p_value": 0.6025,
    "dof": 76
  },
  "runtime_s": 2914.563802808523,
  "wall_s": 2926.9670440778136,
  "n_samples": 10000,
  "aic": -77.53914124171764,
  "bic": -68.01103470302212,
  "waic": 147.08701592113724,
  "info": {
    "device": "cuda",
    "density_estimator": "nsf",
    "embedding_net": null,
    "num_rounds": 10,
    "total_simulations": 30000
  }
}