{
  "mock": "gp2",
  "sampler": "npe",
  "label": "NPE (GPU)",
  "params": [
    "A1",
    "mu1"
  ],
  "truth": {
    "A1": 3.3,
    "mu1": 12.0
  },
  "recovery": {
    "A1": {
      "true": 3.3,
      "median": 3.302473545074463,
      "mean": 3.3009646200736364,
      "std": 0.06450825427000673,
      "ci68": [
        3.2393027400970458,
        3.3637109661102294
      ],
      "ci95": [
        3.169716310501099,
        3.4224210143089295
      ],
      "bias": 0.0024735450744630683,
      "z_score": 0.03834462895414532,
      "within_68": true,
      "within_95": true
    },
    "mu1": {
      "true": 12.0,
      "median": 11.965875148773193,
      "mean": 11.965520014444987,
      "std": 0.05054617573005777,
      "ci68": [
        11.91513053894043,
        12.015115242004395
      ],
      "ci95": [
        11.867446613311767,
        12.06451120376587
      ],
      "bias": -0.03412485122680664,
      "z_score": -0.6751223160590955,
      "within_68": true,
      "within_95": true
    },
    "_summary": {
      "max_abs_z": 0.6751223160590955,
      "rms_z": 0.47815293171255796,
      "coverage68": 1.0,
      "coverage95": 1.0,
      "n_params": 2
    }
  },
  "ppc": {
    "reduced_chi2": 0.9086965609354375,
    "coverage68": 0.6666666666666666,
    "coverage95": 0.9888888888888889,
    "bayesian_p_value": 0.5975,
    "dof": 88
  },
  "runtime_s": 91.17286268994212,
  "wall_s": 101.74333202838898,
  "n_samples": 6000,
  "aic": -92.10736394029911,
  "bic": -87.10774459963858,
  "waic": -83.74531067791929,
  "info": {
    "device": "cuda"
  }
}