{
  "mock": "bazin_sn",
  "sampler": "npe_nsf",
  "label": "NPE-NSF (GPU)",
  "params": [
    "amplitude",
    "t0",
    "tau_rise",
    "tau_fall"
  ],
  "truth": {
    "amplitude": 5.0,
    "t0": 20.0,
    "tau_rise": 4.0,
    "tau_fall": 25.0
  },
  "recovery": {
    "amplitude": {
      "true": 5.0,
      "median": 5.028671026229858,
      "mean": 5.031373530673981,
      "std": 0.12054237769169461,
      "ci68": [
        4.914657382965088,
        5.150707397460938
      ],
      "ci95": [
        4.80159854888916,
        5.274884033203125
      ],
      "bias": 0.0286710262298584,
      "z_score": 0.2378501799855723,
      "within_68": true,
      "within_95": true
    },
    "t0": {
      "true": 20.0,
      "median": 20.379262924194336,
      "mean": 20.38694507484436,
      "std": 0.4387947844012798,
      "ci68": [
        19.963526458740233,
        20.810942306518555
      ],
      "ci95": [
        19.533446025848388,
        21.263935136795045
      ],
      "bias": 0.37926292419433594,
      "z_score": 0.86432869686869,
      "within_68": true,
      "within_95": true
    },
    "tau_rise": {
      "true": 4.0,
      "median": 4.086369514465332,
      "mean": 4.079626396322251,
      "std": 0.19454521506378597,
      "ci68": [
        3.8958261394500733,
        4.262982864379882
      ],
      "ci95": [
        3.6795810222625733,
        4.450951683521271
      ],
      "bias": 0.08636951446533203,
      "z_score": 0.44395599468747593,
      "within_68": true,
      "within_95": true
    },
    "tau_fall": {
      "true": 25.0,
      "median": 25.10470676422119,
      "mean": 25.114897483825683,
      "std": 0.9902126451755892,
      "ci68": [
        24.15062255859375,
        26.08371627807617
      ],
      "ci95": [
        23.18694348335266,
        27.101501989364625
      ],
      "bias": 0.1047067642211914,
      "z_score": 0.10574169571690767,
      "within_68": true,
      "within_95": true
    },
    "_summary": {
      "max_abs_z": 0.86432869686869,
      "rms_z": 0.5029699384113155,
      "coverage68": 1.0,
      "coverage95": 1.0,
      "n_params": 4
    }
  },
  "ppc": {
    "reduced_chi2": 0.9335978218807733,
    "coverage68": 0.6875,
    "coverage95": 0.975,
    "bayesian_p_value": 0.56,
    "dof": 76
  },
  "runtime_s": 963.5711920447648,
  "wall_s": 976.4490085504949,
  "n_samples": 10000,
  "aic": -77.55559780605465,
  "bic": -68.02749126735912,
  "waic": -73.85736119756862,
  "info": {
    "device": "cuda",
    "density_estimator": "nsf",
    "embedding_net": null,
    "num_rounds": 1,
    "total_simulations": 30000
  }
}