{
  "mock": "damped_sine",
  "sampler": "abc_smc",
  "label": "ABC-SMC",
  "L": 60,
  "runtime_s": 637.7425431907177,
  "diagnostics": {
    "A": {
      "n_realizations": 60,
      "M": 785,
      "n_bins": 20,
      "counts": [
        0,
        0,
        0,
        0,
        0,
        2,
        5,
        3,
        4,
        6,
        3,
        3,
        10,
        6,
        8,
        4,
        1,
        2,
        0,
        3
      ],
      "expected": 3.0,
      "chi2": 52.66666666666667,
      "uniformity_p": 5.25478352929046e-05,
      "frac_ranks": [
        0.2968152866242038,
        0.2980891719745223,
        0.310828025477707,
        0.33375796178343947,
        0.33375796178343947,
        0.3375796178343949,
        0.3490445859872611,
        0.3554140127388535,
        0.36050955414012736,
        0.39872611464968155,
        0.4178343949044586,
        0.4280254777070064,
        0.4318471337579618,
        0.4496815286624204,
        0.4624203821656051,
        0.467515923566879,
        0.4726114649681529,
        0.47770700636942676,
        0.48662420382165605,
        0.49044585987261147,
        0.535031847133758,
        0.5452229299363057,
        0.5452229299363057,
        0.5554140127388535,
        0.5719745222929936,
        0.597452229299363,
        0.621656050955414,
        0.6229299363057325,
        0.6242038216560509,
        0.6242038216560509,
        0.6331210191082802,
        0.6343949044585987,
        0.6356687898089172,
        0.6356687898089172,
        0.640764331210191,
        0.643312101910828,
        0.6547770700636942,
        0.6598726114649681,
        0.6713375796178344,
        0.6828025477707006,
        0.6878980891719745,
        0.6993630573248407,
        0.7019108280254777,
        0.7031847133757961,
        0.7095541401273885,
        0.7171974522292993,
        0.7184713375796178,
        0.7222929936305732,
        0.729936305732484,
        0.7401273885350318,
        0.7668789808917198,
        0.7770700636942676,
        0.7859872611464969,
        0.7974522292993631,
        0.8343949044585988,
        0.8764331210191083,
        0.8955414012738854,
        0.9643312101910828,
        0.975796178343949,
        1.0
      ],
      "ecdf": [
        0.016666666666666666,
        0.03333333333333333,
        0.05,
        0.06666666666666667,
        0.08333333333333333,
        0.1,
        0.11666666666666667,
        0.13333333333333333,
        0.15,
        0.16666666666666666,
        0.18333333333333332,
        0.2,
        0.21666666666666667,
        0.23333333333333334,
        0.25,
        0.26666666666666666,
        0.2833333333333333,
        0.3,
        0.31666666666666665,
        0.3333333333333333,
        0.35,
        0.36666666666666664,
        0.38333333333333336,
        0.4,
        0.4166666666666667,
        0.43333333333333335,
        0.45,
        0.4666666666666667,
        0.48333333333333334,
        0.5,
        0.5166666666666667,
        0.5333333333333333,
        0.55,
        0.5666666666666667,
        0.5833333333333334,
        0.6,
        0.6166666666666667,
        0.6333333333333333,
        0.65,
        0.6666666666666666,
        0.6833333333333333,
        0.7,
        0.7166666666666667,
        0.7333333333333333,
        0.75,
        0.7666666666666667,
        0.7833333333333333,
        0.8,
        0.8166666666666667,
        0.8333333333333334,
        0.85,
        0.8666666666666667,
        0.8833333333333333,
        0.9,
        0.9166666666666666,
        0.9333333333333333,
        0.95,
        0.9666666666666667,
        0.9833333333333333,
        1.0
      ]
    },
    "tau": {
      "n_realizations": 60,
      "M": 791,
      "n_bins": 20,
      "counts": [
        0,
        0,
        1,
        3,
        2,
        2,
        9,
        13,
        2,
        5,
        3,
        0,
        6,
        0,
        2,
        0,
        2,
        2,
        4,
        4
      ],
      "expected": 3.0,
      "chi2": 68.66666666666666,
      "uniformity_p": 1.530084580639338e-07,
      "frac_ranks": [
        0.10619469026548672,
        0.16055625790139064,
        0.1845764854614412,
        0.1972187104930468,
        0.213653603034134,
        0.21997471554993678,
        0.2718078381795196,
        0.29835651074589126,
        0.30467762326169406,
        0.30720606826801516,
        0.30720606826801516,
        0.3084702907711757,
        0.3299620733249052,
        0.33122629582806573,
        0.33122629582806573,
        0.347661188369153,
        0.347661188369153,
        0.3501896333754741,
        0.35398230088495575,
        0.3615676359039191,
        0.3615676359039191,
        0.3666245259165613,
        0.36788874841972186,
        0.37041719342604296,
        0.37168141592920356,
        0.3754740834386852,
        0.37673830594184576,
        0.37673830594184576,
        0.38558786346396967,
        0.38558786346396967,
        0.42983565107458915,
        0.438685208596713,
        0.46017699115044247,
        0.47661188369152974,
        0.4778761061946903,
        0.4892541087231353,
        0.4943109987357775,
        0.5094816687737042,
        0.5297092288242731,
        0.5486725663716814,
        0.6042983565107459,
        0.6106194690265486,
        0.618204804045512,
        0.6219974715549936,
        0.6283185840707964,
        0.6333754740834386,
        0.706700379266751,
        0.7446270543615676,
        0.8065739570164349,
        0.843236409608091,
        0.8621997471554994,
        0.8849557522123894,
        0.9203539823008849,
        0.93173198482933,
        0.9355246523388117,
        0.9456384323640961,
        0.9759797724399494,
        0.988621997471555,
        0.9911504424778761,
        1.0
      ],
      "ecdf": [
        0.016666666666666666,
        0.03333333333333333,
        0.05,
        0.06666666666666667,
        0.08333333333333333,
        0.1,
        0.11666666666666667,
        0.13333333333333333,
        0.15,
        0.16666666666666666,
        0.18333333333333332,
        0.2,
        0.21666666666666667,
        0.23333333333333334,
        0.25,
        0.26666666666666666,
        0.2833333333333333,
        0.3,
        0.31666666666666665,
        0.3333333333333333,
        0.35,
        0.36666666666666664,
        0.38333333333333336,
        0.4,
        0.4166666666666667,
        0.43333333333333335,
        0.45,
        0.4666666666666667,
        0.48333333333333334,
        0.5,
        0.5166666666666667,
        0.5333333333333333,
        0.55,
        0.5666666666666667,
        0.5833333333333334,
        0.6,
        0.6166666666666667,
        0.6333333333333333,
        0.65,
        0.6666666666666666,
        0.6833333333333333,
        0.7,
        0.7166666666666667,
        0.7333333333333333,
        0.75,
        0.7666666666666667,
        0.7833333333333333,
        0.8,
        0.8166666666666667,
        0.8333333333333334,
        0.85,
        0.8666666666666667,
        0.8833333333333333,
        0.9,
        0.9166666666666666,
        0.9333333333333333,
        0.95,
        0.9666666666666667,
        0.9833333333333333,
        1.0
      ]
    },
    "freq": {
      "n_realizations": 60,
      "M": 790,
      "n_bins": 20,
      "counts": [
        0,
        0,
        0,
        0,
        0,
        0,
        0,
        0,
        1,
        21,
        28,
        6,
        2,
        0,
        1,
        0,
        0,
        0,
        0,
        1
      ],
      "expected": 3.0,
      "chi2": 362.6666666666667,
      "uniformity_p": 2.449677863842546e-65,