{
  "mock": "gp6",
  "sampler": "abc",
  "label": "ABC",
  "params": [
    "A1",
    "mu1",
    "A2",
    "mu2",
    "A3",
    "mu3"
  ],
  "truth": {
    "A1": 3.3,
    "mu1": 6.666666666666666,
    "A2": 4.6,
    "mu2": 12.0,
    "A3": 5.9,
    "mu3": 17.333333333333332
  },
  "recovery": {
    "A1": {
      "true": 3.3,
      "median": 3.0721242828406865,
      "mean": 3.096993020282382,
      "std": 0.8427357591956276,
      "ci68": [
        2.2312841941951533,
        3.989870118663997
      ],
      "ci95": [
        1.5104771075443182,
        4.816918556367219
      ],
      "bias": -0.22787571715931332,
      "z_score": -0.27039996187751136,
      "within_68": true,
      "within_95": true
    },
    "mu1": {
      "true": 6.666666666666666,
      "median": 6.626892396656286,
      "mean": 6.664056238952919,
      "std": 0.6470994540192111,
      "ci68": [
        6.016106233270871,
        7.337280705388432
      ],
      "ci95": [
        5.481615274678922,
        7.921985340142561
      ],
      "bias": -0.03977427001037981,
      "z_score": -0.06146546680473476,
      "within_68": true,
      "within_95": true
    },
    "A2": {
      "true": 4.6,
      "median": 4.616549501240167,
      "mean": 4.585502792936777,
      "std": 0.8846891165073296,
      "ci68": [
        3.664275205696769,
        5.51712651654015
      ],
      "ci95": [
        2.9207574105187777,
        6.164077146702137
      ],
      "bias": 0.016549501240167075,
      "z_score": 0.018706572660804246,
      "within_68": true,
      "within_95": true
    },
    "mu2": {
      "true": 12.0,
      "median": 11.98147406443794,
      "mean": 11.99379159040039,
      "std": 0.4261006546649096,
      "ci68": [
        11.546611216585953,
        12.463505698334048
      ],
      "ci95": [
        11.215657492270585,
        12.766142770968468
      ],
      "bias": -0.01852593556206017,
      "z_score": -0.04347783876706122,
      "within_68": true,
      "within_95": true
    },
    "A3": {
      "true": 5.9,
      "median": 5.785918828875307,
      "mean": 5.820338804923698,
      "std": 0.8285834566108995,
      "ci68": [
        4.968076806676816,
        6.703776327749545
      ],
      "ci95": [
        4.236983305422057,
        7.400126746404115
      ],
      "bias": -0.11408117112469363,
      "z_score": -0.137682173370094,
      "within_68": true,
      "within_95": true
    },
    "mu3": {
      "true": 17.333333333333332,
      "median": 17.315041598460613,
      "mean": 17.32253873265746,
      "std": 0.3170677000504325,
      "ci68": [
        17.002131045062846,
        17.671866601810557
      ],
      "ci95": [
        16.729579515759315,
        17.904472238289795
      ],
      "bias": -0.018291734872718735,
      "z_score": -0.0576903130461074,
      "within_68": true,
      "within_95": true
    },
    "_summary": {
      "max_abs_z": 0.27039996187751136,
      "rms_z": 0.13001214968912364,
      "coverage68": 1.0,
      "coverage95": 1.0,
      "n_params": 6
    }
  },
  "ppc": {
    "reduced_chi2": 3.5019694091391926,
    "coverage68": 0.9111111111111111,
    "coverage95": 0.9888888888888889,
    "bayesian_p_value": 0.0,
    "dof": 84
  },
  "runtime_s": 8.115792639553547,
  "wall_s": 8.202285271137953,
  "n_samples": 600,
  "aic": 130.09276906507458,
  "bic": 145.09162708705617,
  "waic": 48310.226585619814,
  "info": {}
}