{
  "mock": "bazin_sn",
  "sampler": "mcmc",
  "label": "MCMC",
  "params": [
    "amplitude",
    "t0",
    "tau_rise",
    "tau_fall"
  ],
  "truth": {
    "amplitude": 5.0,
    "t0": 20.0,
    "tau_rise": 4.0,
    "tau_fall": 25.0
  },
  "recovery": {
    "amplitude": {
      "true": 5.0,
      "median": 4.973130984302833,
      "mean": 4.9716666300331775,
      "std": 0.10719622653778936,
      "ci68": [
        4.866034530012835,
        5.076282966818625
      ],
      "ci95": [
        4.755457527587451,
        5.179732999126478
      ],
      "bias": -0.02686901569716671,
      "z_score": -0.25065262616958545,
      "within_68": true,
      "within_95": true
    },
    "t0": {
      "true": 20.0,
      "median": 20.000664695270977,
      "mean": 20.007186830132778,
      "std": 0.36941757525784386,
      "ci68": [
        19.640535216229836,
        20.378327289248094
      ],
      "ci95": [
        19.29477640074383,
        20.741132056684766
      ],
      "bias": 0.0006646952709772336,
      "z_score": 0.0017993060306166905,
      "within_68": true,
      "within_95": true
    },
    "tau_rise": {
      "true": 4.0,
      "median": 3.9356475789571492,
      "mean": 3.9360426090234046,
      "std": 0.16445148261553885,
      "ci68": [
        3.7716497923265044,
        4.098188160109557
      ],
      "ci95": [
        3.616988117659106,
        4.257228454792161
      ],
      "bias": -0.06435242104285077,
      "z_score": -0.3913155419419136,
      "within_68": true,
      "within_95": true
    },
    "tau_fall": {
      "true": 25.0,
      "median": 25.763580924413795,
      "mean": 25.7893907037525,
      "std": 0.9186410390266252,
      "ci68": [
        24.891722660735645,
        26.68805780791046
      ],
      "ci95": [
        24.05313890607062,
        27.65402318338235
      ],
      "bias": 0.7635809244137945,
      "z_score": 0.8312070678040582,
      "within_68": true,
      "within_95": true
    },
    "_summary": {
      "max_abs_z": 0.8312070678040582,
      "rms_z": 0.47614677869345484,
      "coverage68": 1.0,
      "coverage95": 1.0,
      "n_params": 4
    }
  },
  "ppc": {
    "reduced_chi2": 0.9332021860951932,
    "coverage68": 0.6875,
    "coverage95": 0.975,
    "bayesian_p_value": 0.62,
    "dof": 76
  },
  "runtime_s": 7.902813948690891,
  "wall_s": 8.98209110274911,
  "n_samples": 18000,
  "aic": -77.58566612575873,
  "bic": -68.05755958706321,
  "waic": -77.84512938597722,
  "info": {
    "converged": true,
    "mean_acceptance_fraction": 0.5923958333333333,
    "mean_autocorr_time": 45.99036770863527
  }
}