{
  "mock": "gp4",
  "sampler": "abc",
  "label": "ABC",
  "params": [
    "A1",
    "mu1",
    "A2",
    "mu2"
  ],
  "truth": {
    "A1": 3.3,
    "mu1": 8.0,
    "A2": 4.6,
    "mu2": 16.0
  },
  "recovery": {
    "A1": {
      "true": 3.3,
      "median": 3.292143207292945,
      "mean": 3.2953155733253343,
      "std": 0.6145281741924259,
      "ci68": [
        2.6379509717978715,
        3.9537236119136034
      ],
      "ci95": [
        2.2350159646823746,
        4.400072598701738
      ],
      "bias": -0.007856792707054971,
      "z_score": -0.012785081363242414,
      "within_68": true,
      "within_95": true
    },
    "mu1": {
      "true": 8.0,
      "median": 7.976329889361947,
      "mean": 8.001359979302082,
      "std": 0.39331514175283694,
      "ci68": [
        7.593853332852792,
        8.427308948712975
      ],
      "ci95": [
        7.32726918730642,
        8.749757317690332
      ],
      "bias": -0.023670110638052577,
      "z_score": -0.060181030744367085,
      "within_68": true,
      "within_95": true
    },
    "A2": {
      "true": 4.6,
      "median": 4.557487924120519,
      "mean": 4.558374156896449,
      "std": 0.6208561501403762,
      "ci68": [
        3.8753009500890068,
        5.22345222995937
      ],
      "ci95": [
        3.4519408336600734,
        5.7188123697008635
      ],
      "bias": -0.042512075879480804,
      "z_score": -0.0684733103954415,
      "within_68": true,
      "within_95": true
    },
    "mu2": {
      "true": 16.0,
      "median": 15.974737017866044,
      "mean": 15.98982491167837,
      "std": 0.2913897193909388,
      "ci68": [
        15.679815946428997,
        16.308581656210105
      ],
      "ci95": [
        15.449557949192155,
        16.542897023587212
      ],
      "bias": -0.025262982133956058,
      "z_score": -0.08669826165027582,
      "within_68": true,
      "within_95": true
    },
    "_summary": {
      "max_abs_z": 0.08669826165027582,
      "rms_z": 0.0632265718994185,
      "coverage68": 1.0,
      "coverage95": 1.0,
      "n_params": 4
    }
  },
  "ppc": {
    "reduced_chi2": 1.6518966786413076,
    "coverage68": 0.8555555555555555,
    "coverage95": 0.9888888888888889,
    "bayesian_p_value": 0.0,
    "dof": 86
  },
  "runtime_s": 7.095837660133839,
  "wall_s": 7.207920238375664,
  "n_samples": 600,
  "aic": -26.00954693946514,
  "bic": -16.01030825814408,
  "waic": 8102.275416873506,
  "info": {}
}