{
  "mock": "gp2",
  "sampler": "abc_smc",
  "label": "ABC-SMC",
  "params": [
    "A1",
    "mu1"
  ],
  "truth": {
    "A1": 3.3,
    "mu1": 12.0
  },
  "recovery": {
    "A1": {
      "true": 3.3,
      "median": 3.343267755803065,
      "mean": 3.3423218097351444,
      "std": 0.06793031870841855,
      "ci68": [
        3.265108278238752,
        3.4184470096165693
      ],
      "ci95": [
        3.2228658389985774,
        3.4550972212210405
      ],
      "bias": 0.04326775580306519,
      "z_score": 0.6369432180759524,
      "within_68": true,
      "within_95": true
    },
    "mu1": {
      "true": 12.0,
      "median": 11.992213239772784,
      "mean": 11.992601720685563,
      "std": 0.041232405863651685,
      "ci68": [
        11.945400983924097,
        12.037111798085888
      ],
      "ci95": [
        11.919030368192367,
        12.063525130536876
      ],
      "bias": -0.007786760227215694,
      "z_score": -0.18885049426815262,
      "within_68": true,
      "within_95": true
    },
    "_summary": {
      "max_abs_z": 0.6369432180759524,
      "rms_z": 0.4697665229868322,
      "coverage68": 1.0,
      "coverage95": 1.0,
      "n_params": 2
    }
  },
  "ppc": {
    "reduced_chi2": 0.9087798987146656,
    "coverage68": 0.6888888888888889,
    "coverage95": 0.9888888888888889,
    "bayesian_p_value": 0.66,
    "dof": 88
  },
  "runtime_s": 7.8483071736991405,
  "wall_s": 7.862245682626963,
  "n_samples": 1500,
  "aic": -92.10003021572703,
  "bic": -87.1004108750665,
  "waic": -88.54992369741957,
  "info": {}
}