{
  "mock": "bazin_sn",
  "sampler": "snpe5_mlp",
  "label": "SNPE-5r (GPU, MLP embed)",
  "params": [
    "amplitude",
    "t0",
    "tau_rise",
    "tau_fall"
  ],
  "truth": {
    "amplitude": 5.0,
    "t0": 20.0,
    "tau_rise": 4.0,
    "tau_fall": 25.0
  },
  "recovery": {
    "amplitude": {
      "true": 5.0,
      "median": 4.929145812988281,
      "mean": 4.924644014835358,
      "std": 0.6694576730361875,
      "ci68": [
        4.3223882675170895,
        5.487772006988525
      ],
      "ci95": [
        3.6592920780181886,
        6.1206526875495895
      ],
      "bias": -0.07085418701171875,
      "z_score": -0.10583818793259052,
      "within_68": true,
      "within_95": true
    },
    "t0": {
      "true": 20.0,
      "median": 21.187790870666504,
      "mean": 22.051210680437087,
      "std": 4.542155004301828,
      "ci68": [
        18.268843002319336,
        25.897993927001952
      ],
      "ci95": [
        15.464642310142517,
        34.556383991241454
      ],
      "bias": 1.187790870666504,
      "z_score": 0.2615038169198452,
      "within_68": true,
      "within_95": true
    },
    "tau_rise": {
      "true": 4.0,
      "median": 5.161515474319458,
      "mean": 5.07244703630805,
      "std": 2.1678740865706625,
      "ci68": [
        2.8375259017944336,
        7.130124320983887
      ],
      "ci95": [
        0.8735825166106224,
        9.47385938167572
      ],
      "bias": 1.161515474319458,
      "z_score": 0.5357854875034957,
      "within_68": true,
      "within_95": true
    },
    "tau_fall": {
      "true": 25.0,
      "median": 25.474480628967285,
      "mean": 26.338730839633943,
      "std": 6.798731771977906,
      "ci68": [
        20.413612289428713,
        32.17086669921875
      ],
      "ci95": [
        15.354662418365479,
        42.88548612594604
      ],
      "bias": 0.47448062896728516,
      "z_score": 0.06978957912752719,
      "within_68": true,
      "within_95": true
    },
    "_summary": {
      "max_abs_z": 0.5357854875034957,
      "rms_z": 0.3047632861183653,
      "coverage68": 1.0,
      "coverage95": 1.0,
      "n_params": 4
    }
  },
  "ppc": {
    "reduced_chi2": 0.9492227656940045,
    "coverage68": 0.8625,
    "coverage95": 0.9875,
    "bayesian_p_value": 0.0125,
    "dof": 76
  },
  "runtime_s": 311.4520561993122,
  "wall_s": 324.3245492987335,
  "n_samples": 10000,
  "amortized_s": 0.07314866408705711,
  "aic": -76.36810207624907,
  "bic": -66.83999553755355,
  "waic": 7247.801920528058,
  "info": {
    "device": "cuda",
    "density_estimator": "nsf",
    "embedding_net": "mlp",
    "num_rounds": 5,
    "total_simulations": 15000,
    "x_format": "stacked",
    "sim_backend": "torch"
  }
}