{
  "mock": "damped_sine",
  "sampler": "abc_smc",
  "label": "ABC-SMC",
  "params": [
    "A",
    "tau",
    "freq",
    "phase"
  ],
  "truth": {
    "A": 5.0,
    "tau": 10.0,
    "freq": 0.07,
    "phase": 1.0
  },
  "recovery": {
    "A": {
      "true": 5.0,
      "median": 4.9559661549337015,
      "mean": 4.980710082215301,
      "std": 0.34048005731021713,
      "ci68": [
        4.614104960167884,
        5.3452809911672725
      ],
      "ci95": [
        4.367789949358672,
        5.6183200280219445
      ],
      "bias": -0.04403384506629848,
      "z_score": -0.12932870551704148,
      "within_68": true,
      "within_95": true
    },
    "tau": {
      "true": 10.0,
      "median": 10.207789567313583,
      "mean": 10.323550941744875,
      "std": 1.3226078251916626,
      "ci68": [
        8.934672134387103,
        11.739818292089764
      ],
      "ci95": [
        8.153356160370652,
        12.999644615153084
      ],
      "bias": 0.20778956731358278,
      "z_score": 0.15710595639600985,
      "within_68": true,
      "within_95": true
    },
    "freq": {
      "true": 0.07,
      "median": 0.0709531900936578,
      "mean": 0.07086157497880122,
      "std": 0.002780076457194452,
      "ci68": [
        0.06778837556368675,
        0.07381929906717306
      ],
      "ci95": [
        0.0656777747993527,
        0.07575188896485466
      ],
      "bias": 0.0009531900936577964,
      "z_score": 0.34286470474258823,
      "within_68": true,
      "within_95": true
    },
    "phase": {
      "true": 1.0,
      "median": 0.9730519513048355,
      "mean": 0.9797105674449593,
      "std": 0.11778661997050889,
      "ci68": [
        0.8548282844114096,
        1.114487334762691
      ],
      "ci95": [
        0.7673607188164604,
        1.210848796207197
      ],
      "bias": -0.02694804869516454,
      "z_score": -0.22878701079894917,
      "within_68": true,
      "within_95": true
    },
    "_summary": {
      "max_abs_z": 0.34286470474258823,
      "rms_z": 0.22984119391133917,
      "coverage68": 1.0,
      "coverage95": 1.0,
      "n_params": 4
    }
  },
  "ppc": {
    "reduced_chi2": 1.2848403214084583,
    "coverage68": 0.86,
    "coverage95": 1.0,
    "bayesian_p_value": 0.0,
    "dof": 96
  },
  "runtime_s": 40.58339197933674,
  "wall_s": 40.59418177977204,
  "n_samples": 1500,
  "aic": -64.29161948102978,
  "bic": -53.870938737077424,
  "waic": 531.863598805027,
  "info": {}
}