{
  "mock": "gp6",
  "sampler": "abc_smc",
  "label": "ABC-SMC",
  "params": [
    "A1",
    "mu1",
    "A2",
    "mu2",
    "A3",
    "mu3"
  ],
  "truth": {
    "A1": 3.3,
    "mu1": 6.666666666666666,
    "A2": 4.6,
    "mu2": 12.0,
    "A3": 5.9,
    "mu3": 17.333333333333332
  },
  "recovery": {
    "A1": {
      "true": 3.3,
      "median": 3.245845513009559,
      "mean": 3.268262601023813,
      "std": 0.3068194311636131,
      "ci68": [
        2.9602904135277726,
        3.610802952155629
      ],
      "ci95": [
        2.649288253926243,
        3.8550658608370147
      ],
      "bias": -0.0541544869904409,
      "z_score": -0.17650279444512343,
      "within_68": true,
      "within_95": true
    },
    "mu1": {
      "true": 6.666666666666666,
      "median": 6.643895625331913,
      "mean": 6.642708672881824,
      "std": 0.20768205157260655,
      "ci68": [
        6.41391743490984,
        6.864069833988099
      ],
      "ci95": [
        6.249703935880286,
        7.035058787619754
      ],
      "bias": -0.02277104133475305,
      "z_score": -0.10964376152068295,
      "within_68": true,
      "within_95": true
    },
    "A2": {
      "true": 4.6,
      "median": 4.637498068068415,
      "mean": 4.6393428101650525,
      "std": 0.3219425465823474,
      "ci68": [
        4.318317734233333,
        4.987061181533817
      ],
      "ci95": [
        3.9853835263559425,
        5.265945590419051
      ],
      "bias": 0.03749806806841516,
      "z_score": 0.11647440969354386,
      "within_68": true,
      "within_95": true
    },
    "mu2": {
      "true": 12.0,
      "median": 11.987111328106463,
      "mean": 11.983439037464196,
      "std": 0.15140141534260482,
      "ci68": [
        11.820085631112434,
        12.139292043237793
      ],
      "ci95": [
        11.695098820699448,
        12.269388170306579
      ],
      "bias": -0.012888671893536596,
      "z_score": -0.08512913742827928,
      "within_68": true,
      "within_95": true
    },
    "A3": {
      "true": 5.9,
      "median": 5.885835273029682,
      "mean": 5.880144504651608,
      "std": 0.32542445784804863,
      "ci68": [
        5.525850066660496,
        6.212672522022439
      ],
      "ci95": [
        5.253430269281983,
        6.4884616051909045
      ],
      "bias": -0.014164726970318675,
      "z_score": -0.043526928074142025,
      "within_68": true,
      "within_95": true
    },
    "mu3": {
      "true": 17.333333333333332,
      "median": 17.32668678472272,
      "mean": 17.32695955524253,
      "std": 0.11527590111138192,
      "ci68": [
        17.208672500176682,
        17.45141631108075
      ],
      "ci95": [
        17.108491020024616,
        17.543860797274665
      ],
      "bias": -0.006646548610611092,
      "z_score": -0.05765774586475851,
      "within_68": true,
      "within_95": true
    },
    "_summary": {
      "max_abs_z": 0.17650279444512343,
      "rms_z": 0.10739898988185818,
      "coverage68": 1.0,
      "coverage95": 1.0,
      "n_params": 6
    }
  },
  "ppc": {
    "reduced_chi2": 1.1781268890491836,
    "coverage68": 0.9,
    "coverage95": 0.9888888888888889,
    "bayesian_p_value": 0.0,
    "dof": 84
  },
  "runtime_s": 30.294324677437544,
  "wall_s": 30.306995902210474,
  "n_samples": 1500,
  "aic": -65.11000262248618,
  "bic": -50.11114460050459,
  "waic": 1188.452795920174,
  "info": {}
}