{
  "mock": "bazin_sn",
  "sampler": "snpe_mdn",
  "label": "SNPE-MDN (GPU)",
  "params": [
    "amplitude",
    "t0",
    "tau_rise",
    "tau_fall"
  ],
  "truth": {
    "amplitude": 5.0,
    "t0": 20.0,
    "tau_rise": 4.0,
    "tau_fall": 25.0
  },
  "recovery": {
    "amplitude": {
      "true": 5.0,
      "median": 5.058528900146484,
      "mean": 5.057240212106705,
      "std": 0.1127857361566533,
      "ci68": [
        4.945002555847168,
        5.168411293029785
      ],
      "ci95": [
        4.837905490398407,
        5.276240634918213
      ],
      "bias": 0.058528900146484375,
      "z_score": 0.5189388493700204,
      "within_68": true,
      "within_95": true
    },
    "t0": {
      "true": 20.0,
      "median": 20.254785537719727,
      "mean": 20.26267086391449,
      "std": 0.408903628523248,
      "ci68": [
        19.864960708618163,
        20.6683731842041
      ],
      "ci95": [
        19.47506308555603,
        21.076077270507813
      ],
      "bias": 0.25478553771972656,
      "z_score": 0.6230943428892582,
      "within_68": true,
      "within_95": true
    },
    "tau_rise": {
      "true": 4.0,
      "median": 3.9746792316436768,
      "mean": 3.9772690232992174,
      "std": 0.17197914976811796,
      "ci68": [
        3.8075475120544433,
        4.147893314361572
      ],
      "ci95": [
        3.642983388900757,
        4.317478764057159
      ],
      "bias": -0.025320768356323242,
      "z_score": -0.14723161726560233,
      "within_68": true,
      "within_95": true
    },
    "tau_fall": {
      "true": 25.0,
      "median": 25.132378578186035,
      "mean": 25.132068215751648,
      "std": 0.8863157031321114,
      "ci68": [
        24.252998657226563,
        26.007749938964842
      ],
      "ci95": [
        23.40212278366089,
        26.882365417480468
      ],
      "bias": 0.13237857818603516,
      "z_score": 0.14935826784770756,
      "within_68": true,
      "within_95": true
    },
    "_summary": {
      "max_abs_z": 0.6230943428892582,
      "rms_z": 0.4187866792363356,
      "coverage68": 1.0,
      "coverage95": 1.0,
      "n_params": 4
    }
  },
  "ppc": {
    "reduced_chi2": 0.9341734953237537,
    "coverage68": 0.675,
    "coverage95": 0.975,
    "bayesian_p_value": 0.5375,
    "dof": 76
  },
  "runtime_s": 786.3937836438417,
  "wall_s": 796.5208242125809,
  "n_samples": 10000,
  "aic": -77.51184662438814,
  "bic": -67.98374008569262,
  "waic": -73.66750738985576,
  "info": {
    "device": "cuda",
    "density_estimator": "mdn",
    "embedding_net": null,
    "num_rounds": 10,
    "total_simulations": 30000
  }
}