{
  "mock": "gp2",
  "sampler": "abc",
  "label": "ABC",
  "params": [
    "A1",
    "mu1"
  ],
  "truth": {
    "A1": 3.3,
    "mu1": 12.0
  },
  "recovery": {
    "A1": {
      "true": 3.3,
      "median": 3.3253420869706796,
      "mean": 3.336288529350454,
      "std": 0.20082544808496994,
      "ci68": [
        3.1192536390741386,
        3.5636186931352385
      ],
      "ci95": [
        2.9893701850422074,
        3.6953427524324627
      ],
      "bias": 0.025342086970679745,
      "z_score": 0.1261896199527334,
      "within_68": true,
      "within_95": true
    },
    "mu1": {
      "true": 12.0,
      "median": 11.981166425937637,
      "mean": 11.98496337904746,
      "std": 0.12102603511766699,
      "ci68": [
        11.856601725788805,
        12.11183748182897
      ],
      "ci95": [
        11.779530384201399,
        12.216482664107769
      ],
      "bias": -0.018833574062362857,
      "z_score": -0.1556158891270957,
      "within_68": true,
      "within_95": true
    },
    "_summary": {
      "max_abs_z": 0.1556158891270957,
      "rms_z": 0.14166884825647422,
      "coverage68": 1.0,
      "coverage95": 1.0,
      "n_params": 2
    }
  },
  "ppc": {
    "reduced_chi2": 0.9125114697886377,
    "coverage68": 0.7333333333333333,
    "coverage95": 0.9888888888888889,
    "bayesian_p_value": 0.1975,
    "dof": 88
  },
  "runtime_s": 6.01177130267024,
  "wall_s": 6.099767558276653,
  "n_samples": 600,
  "amortized_s": null,
  "aic": -91.77165196121749,
  "bic": -86.77203262055696,
  "waic": 3.607487237507062,
  "info": {
    "simulate_noise": true
  }
}