{
  "mock": "damped_sine",
  "sampler": "mcmc",
  "label": "MCMC",
  "params": [
    "A",
    "tau",
    "freq",
    "phase"
  ],
  "truth": {
    "A": 5.0,
    "tau": 10.0,
    "freq": 0.07,
    "phase": 1.0
  },
  "recovery": {
    "A": {
      "true": 5.0,
      "median": 5.006283416009978,
      "mean": 5.006012730026697,
      "std": 0.054189786722925765,
      "ci68": [
        4.952209369654281,
        5.060212944536154
      ],
      "ci95": [
        4.898987961237408,
        5.113252263164188
      ],
      "bias": 0.006283416009978282,
      "z_score": 0.11595203432162601,
      "within_68": true,
      "within_95": true
    },
    "tau": {
      "true": 10.0,
      "median": 10.114542648306426,
      "mean": 10.118467745445589,
      "std": 0.19872105185025477,
      "ci68": [
        9.917336713771668,
        10.318890360159696
      ],
      "ci95": [
        9.744165760306977,
        10.51421039776825
      ],
      "bias": 0.11454264830642558,
      "z_score": 0.576399164758541,
      "within_68": true,
      "within_95": true
    },
    "freq": {
      "true": 0.07,
      "median": 0.07073687517873756,
      "mean": 0.07073926441190316,
      "std": 0.00045217958136230534,
      "ci68": [
        0.070294234839524,
        0.07118594159347284
      ],
      "ci95": [
        0.06985147447206082,
        0.07162427014226778
      ],
      "bias": 0.0007368751787375505,
      "z_score": 1.6296073708536942,
      "within_68": false,
      "within_95": true
    },
    "phase": {
      "true": 1.0,
      "median": 0.9893272636976338,
      "mean": 0.9893118957914717,
      "std": 0.01905100410244106,
      "ci68": [
        0.9705318940563591,
        1.0083819130254332
      ],
      "ci95": [
        0.9519464936591215,
        1.0265521853303203
      ],
      "bias": -0.010672736302366204,
      "z_score": -0.5602190963256722,
      "within_68": true,
      "within_95": true
    },
    "_summary": {
      "max_abs_z": 1.6296073708536942,
      "rms_z": 0.9103771869981021,
      "coverage68": 0.75,
      "coverage95": 1.0,
      "n_params": 4
    }
  },
  "ppc": {
    "reduced_chi2": 1.2465161002494767,
    "coverage68": 0.63,
    "coverage95": 0.93,
    "bayesian_p_value": 0.0825,
    "dof": 96
  },
  "runtime_s": 6.573155578225851,
  "wall_s": 7.5556395426392555,
  "n_samples": 18000,
  "aic": -67.97074471229202,
  "bic": -57.55006396833966,
  "waic": -66.67621402953645,
  "info": {
    "converged": true,
    "mean_acceptance_fraction": 0.5931875,
    "mean_autocorr_time": 50.95053158049849
  }
}