{
  "mock": "gp4",
  "sampler": "mcmc",
  "label": "MCMC",
  "params": [
    "A1",
    "mu1",
    "A2",
    "mu2"
  ],
  "truth": {
    "A1": 3.3,
    "mu1": 8.0,
    "A2": 4.6,
    "mu2": 16.0
  },
  "recovery": {
    "A1": {
      "true": 3.3,
      "median": 3.30232038442652,
      "mean": 3.302348416649016,
      "std": 0.046912472213561575,
      "ci68": [
        3.2562070723554926,
        3.348968204412999
      ],
      "ci95": [
        3.2106043126017036,
        3.394770301560141
      ],
      "bias": 0.00232038442652005,
      "z_score": 0.04946199415705207,
      "within_68": true,
      "within_95": true
    },
    "mu1": {
      "true": 8.0,
      "median": 8.026950764177425,
      "mean": 8.026697265281104,
      "std": 0.030881795949238844,
      "ci68": [
        7.995984777713395,
        8.057055793574927
      ],
      "ci95": [
        7.966443689624961,
        8.087575521909402
      ],
      "bias": 0.026950764177424702,
      "z_score": 0.8727071515440464,
      "within_68": true,
      "within_95": true
    },
    "A2": {
      "true": 4.6,
      "median": 4.5917934774919935,
      "mean": 4.592186909621202,
      "std": 0.04726537130943983,
      "ci68": [
        4.545608559548356,
        4.639096405234591
      ],
      "ci95": [
        4.5009804201878705,
        4.68603451945842
      ],
      "bias": -0.008206522508006131,
      "z_score": -0.17362653208157758,
      "within_68": true,
      "within_95": true
    },
    "mu2": {
      "true": 16.0,
      "median": 16.0079248617158,
      "mean": 16.007776102819598,
      "std": 0.02193340170957781,
      "ci68": [
        15.986014820376045,
        16.029092229991704
      ],
      "ci95": [
        15.963686254227014,
        16.05019113431136
      ],
      "bias": 0.007924861715800091,
      "z_score": 0.36131475731552787,
      "within_68": true,
      "within_95": true
    },
    "_summary": {
      "max_abs_z": 0.8727071515440464,
      "rms_z": 0.4808218973067807,
      "coverage68": 1.0,
      "coverage95": 1.0,
      "n_params": 4
    }
  },
  "ppc": {
    "reduced_chi2": 0.9291134696587334,
    "coverage68": 0.6777777777777778,
    "coverage95": 0.9777777777777777,
    "bayesian_p_value": 0.6575,
    "dof": 86
  },
  "runtime_s": 8.921278730034828,
  "wall_s": 9.865111380815506,
  "n_samples": 18000,
  "aic": -88.16890291196653,
  "bic": -78.16966423064547,
  "waic": -88.51778454962333,
  "info": {
    "converged": true,
    "mean_acceptance_fraction": 0.5938958333333333,
    "mean_autocorr_time": 48.64496810238268
  }
}