{
  "mock": "damped_sine",
  "sampler": "snpe",
  "label": "SNPE (GPU)",
  "params": [
    "A",
    "tau",
    "freq",
    "phase"
  ],
  "truth": {
    "A": 5.0,
    "tau": 10.0,
    "freq": 0.07,
    "phase": 1.0
  },
  "recovery": {
    "A": {
      "true": 5.0,
      "median": 6.00089168548584,
      "mean": 6.375312139987946,
      "std": 1.4939886068829338,
      "ci68": [
        4.83857629776001,
        8.15786361694336
      ],
      "ci95": [
        4.501832842826843,
        9.686328625679016
      ],
      "bias": 1.0008916854858398,
      "z_score": 0.6699459961572972,
      "within_68": true,
      "within_95": true
    },
    "tau": {
      "true": 10.0,
      "median": 8.883348941802979,
      "mean": 8.952368871450425,
      "std": 1.185207745289142,
      "ci68": [
        7.608956146240234,
        10.312937431335449
      ],
      "ci95": [
        7.045248901844024,
        11.146897220611573
      ],
      "bias": -1.1166510581970215,
      "z_score": -0.9421563963240929,
      "within_68": true,
      "within_95": true
    },
    "freq": {
      "true": 0.07,
      "median": 0.06902739778161049,
      "mean": 0.06873447520844639,
      "std": 0.0025599993789671744,
      "ci68": [
        0.06605221569538117,
        0.07123940795660019
      ],
      "ci95": [
        0.06319318022578954,
        0.07309589236974716
      ],
      "bias": -0.0009726022183895178,
      "z_score": -0.3799228337242456,
      "within_68": true,
      "within_95": true
    },
    "phase": {
      "true": 1.0,
      "median": 1.6675401329994202,
      "mean": 1.4730925373046848,
      "std": 0.6393300609247552,
      "ci68": [
        0.6701660084724429,
        2.1076050853729247
      ],
      "ci95": [
        0.10438560787588358,
        2.205770009756088
      ],
      "bias": 0.6675401329994202,
      "z_score": 1.044124426174894,
      "within_68": true,
      "within_95": true
    },
    "_summary": {
      "max_abs_z": 1.044124426174894,
      "rms_z": 0.8017205700588121,
      "coverage68": 1.0,
      "coverage95": 1.0,
      "n_params": 4
    }
  },
  "ppc": {
    "reduced_chi2": 1.2600847382353433,
    "coverage68": 0.83,
    "coverage95": 0.99,
    "bayesian_p_value": 0.0,
    "dof": 96
  },
  "runtime_s": 1345.1556610167027,
  "wall_s": 1353.854032870382,
  "n_samples": 2000,
  "aic": -66.66815546564882,
  "bic": -56.24747472169646,
  "waic": 865565.031923644,
  "info": {
    "device": "cuda"
  }
}