{
  "mock": "bazin_sn",
  "sampler": "abc_smc",
  "label": "ABC-SMC",
  "L": 60,
  "runtime_s": 482.0773178860545,
  "diagnostics": {
    "amplitude": {
      "n_realizations": 60,
      "M": 760,
      "n_bins": 20,
      "counts": [
        0,
        0,
        1,
        1,
        0,
        5,
        3,
        2,
        3,
        1,
        7,
        5,
        9,
        5,
        3,
        5,
        3,
        2,
        2,
        3
      ],
      "expected": 3.0,
      "chi2": 36.66666666666667,
      "uniformity_p": 0.008731878376419044,
      "frac_ranks": [
        0.12763157894736843,
        0.19342105263157894,
        0.2657894736842105,
        0.26710526315789473,
        0.275,
        0.27631578947368424,
        0.2986842105263158,
        0.30394736842105263,
        0.33026315789473687,
        0.33026315789473687,
        0.35526315789473684,
        0.3907894736842105,
        0.4263157894736842,
        0.4263157894736842,
        0.4355263157894737,
        0.46842105263157896,
        0.5184210526315789,
        0.5197368421052632,
        0.525,
        0.531578947368421,
        0.5328947368421053,
        0.5328947368421053,
        0.55,
        0.5578947368421052,
        0.5618421052631579,
        0.5697368421052632,
        0.5710526315789474,
        0.5723684210526315,
        0.6026315789473684,
        0.6052631578947368,
        0.6078947368421053,
        0.6078947368421053,
        0.618421052631579,
        0.618421052631579,
        0.6210526315789474,
        0.6394736842105263,
        0.6434210526315789,
        0.6592105263157895,
        0.6697368421052632,
        0.6723684210526316,
        0.6736842105263158,
        0.7,
        0.7263157894736842,
        0.7315789473684211,
        0.75,
        0.7552631578947369,
        0.7697368421052632,
        0.7697368421052632,
        0.7723684210526316,
        0.781578947368421,
        0.8355263157894737,
        0.8473684210526315,
        0.85,
        0.8513157894736842,
        0.8776315789473684,
        0.9013157894736842,
        0.9315789473684211,
        0.9789473684210527,
        0.9855263157894737,
        1.0
      ],
      "ecdf": [
        0.016666666666666666,
        0.03333333333333333,
        0.05,
        0.06666666666666667,
        0.08333333333333333,
        0.1,
        0.11666666666666667,
        0.13333333333333333,
        0.15,
        0.16666666666666666,
        0.18333333333333332,
        0.2,
        0.21666666666666667,
        0.23333333333333334,
        0.25,
        0.26666666666666666,
        0.2833333333333333,
        0.3,
        0.31666666666666665,
        0.3333333333333333,
        0.35,
        0.36666666666666664,
        0.38333333333333336,
        0.4,
        0.4166666666666667,
        0.43333333333333335,
        0.45,
        0.4666666666666667,
        0.48333333333333334,
        0.5,
        0.5166666666666667,
        0.5333333333333333,
        0.55,
        0.5666666666666667,
        0.5833333333333334,
        0.6,
        0.6166666666666667,
        0.6333333333333333,
        0.65,
        0.6666666666666666,
        0.6833333333333333,
        0.7,
        0.7166666666666667,
        0.7333333333333333,
        0.75,
        0.7666666666666667,
        0.7833333333333333,
        0.8,
        0.8166666666666667,
        0.8333333333333334,
        0.85,
        0.8666666666666667,
        0.8833333333333333,
        0.9,
        0.9166666666666666,
        0.9333333333333333,
        0.95,
        0.9666666666666667,
        0.9833333333333333,
        1.0
      ]
    },
    "t0": {
      "n_realizations": 60,
      "M": 767,
      "n_bins": 20,
      "counts": [
        0,
        1,
        0,
        0,
        2,
        3,
        4,
        5,
        3,
        7,
        4,
        9,
        5,
        5,
        2,
        1,
        3,
        2,
        3,
        1
      ],
      "expected": 3.0,
      "chi2": 36.00000000000001,
      "uniformity_p": 0.010555520210487813,
      "frac_ranks": [
        0.09256844850065189,
        0.20990873533246415,
        0.22164276401564537,
        0.2711864406779661,
        0.28292046936114734,
        0.2842242503259452,
        0.3220338983050847,
        0.3350717079530639,
        0.3363754889178618,
        0.3389830508474576,
        0.3533246414602347,
        0.3533246414602347,
        0.35723598435462844,
        0.36114732724902215,
        0.3767926988265971,
        0.4211212516297262,
        0.43546284224250326,
        0.44589308996088656,
        0.4511082138200782,
        0.45632333767926986,
        0.4602346805736636,
        0.4680573663624511,
        0.4863102998696219,
        0.48891786179921776,
        0.49934810951760106,
        0.500651890482399,
        0.5110821382007823,
        0.5189048239895697,
        0.5410691003911343,
        0.5501955671447197,
        0.559322033898305,
        0.559322033898305,
        0.559322033898305,
        0.5619295958279009,
        0.5710560625814863,
        0.576271186440678,
        0.5801825293350718,
        0.5867014341590613,
        0.6127770534550195,
        0.6166883963494133,
        0.6271186440677966,
        0.6297262059973925,
        0.6492829204693612,
        0.6597131681877445,
        0.666232073011734,
        0.6740547588005215,
        0.6883963494132985,
        0.6949152542372882,
        0.7340286831812256,
        0.7444589308996089,
        0.7848761408083442,
        0.8044328552803129,
        0.8135593220338984,
        0.8252933507170795,
        0.8565840938722294,
        0.8683181225554107,
        0.9022164276401564,
        0.910039113428944,
        0.9348109517601043,
        1.0
      ],
      "ecdf": [
        0.016666666666666666,
        0.03333333333333333,
        0.05,
        0.06666666666666667,
        0.08333333333333333,
        0.1,
        0.11666666666666667,
        0.13333333333333333,
        0.15,
        0.16666666666666666,
        0.18333333333333332,
        0.2,
        0.21666666666666667,
        0.23333333333333334,
        0.25,
        0.26666666666666666,
        0.2833333333333333,
        0.3,
        0.31666666666666665,
        0.3333333333333333,
        0.35,
        0.36666666666666664,
        0.38333333333333336,
        0.4,
        0.4166666666666667,
        0.43333333333333335,
        0.45,
        0.4666666666666667,
        0.48333333333333334,
        0.5,
        0.5166666666666667,
        0.5333333333333333,
        0.55,
        0.5666666666666667,
        0.5833333333333334,
        0.6,
        0.6166666666666667,
        0.6333333333333333,
        0.65,
        0.6666666666666666,
        0.6833333333333333,
        0.7,
        0.7166666666666667,
        0.7333333333333333,
        0.75,
        0.7666666666666667,
        0.7833333333333333,
        0.8,
        0.8166666666666667,
        0.8333333333333334,
        0.85,
        0.8666666666666667,
        0.8833333333333333,
        0.9,
        0.9166666666666666,
        0.9333333333333333,
        0.95,
        0.9666666666666667,
        0.9833333333333333,
        1.0
      ]
    },
    "tau_rise": {
      "n_realizations": 60,
      "M": 800,
      "n_bins": 20,
      "counts": [
        0,
        0,
        1,
        1,
        5,
        4,
        4,
        4,
        11,
        9,
        6,
        6,
        3,
        2,
        1,
        1,
        0,
        1,
        0,
        1
      ],
      "expected": 3.0,
      "chi2": 62.0,
      "uniformity_p": 1.8599938281329215e-06,