{
  "mock": "gp6",
  "sampler": "mcmc",
  "label": "MCMC",
  "params": [
    "A1",
    "mu1",
    "A2",
    "mu2",
    "A3",
    "mu3"
  ],
  "truth": {
    "A1": 3.3,
    "mu1": 6.666666666666666,
    "A2": 4.6,
    "mu2": 12.0,
    "A3": 5.9,
    "mu3": 17.333333333333332
  },
  "recovery": {
    "A1": {
      "true": 3.3,
      "median": 3.290041379436285,
      "mean": 3.289923885050119,
      "std": 0.04793899208238815,
      "ci68": [
        3.242398207217639,
        3.337924875894619
      ],
      "ci95": [
        3.1960471042996264,
        3.383026075358728
      ],
      "bias": -0.00995862056371477,
      "z_score": -0.20773529294482962,
      "within_68": true,
      "within_95": true
    },
    "mu1": {
      "true": 6.666666666666666,
      "median": 6.640728438528663,
      "mean": 6.640430802633561,
      "std": 0.03193684679122493,
      "ci68": [
        6.608303836136343,
        6.67169923916827
      ],
      "ci95": [
        6.578073204903157,
        6.703504213225316
      ],
      "bias": -0.025938228138002728,
      "z_score": -0.8121724823857563,
      "within_68": true,
      "within_95": true
    },
    "A2": {
      "true": 4.6,
      "median": 4.644785090375514,
      "mean": 4.644292713901635,
      "std": 0.04815093914811709,
      "ci68": [
        4.595556995773733,
        4.6918994280148505
      ],
      "ci95": [
        4.549803860880857,
        4.737958076306191
      ],
      "bias": 0.04478509037551426,
      "z_score": 0.9300979621134876,
      "within_68": true,
      "within_95": true
    },
    "mu2": {
      "true": 12.0,
      "median": 11.98650735022554,
      "mean": 11.986492262383113,
      "std": 0.02229916669861168,
      "ci68": [
        11.964276112914035,
        12.008651197784936
      ],
      "ci95": [
        11.942978246409407,
        12.030357586001603
      ],
      "bias": -0.013492649774459409,
      "z_score": -0.605074169668387,
      "within_68": true,
      "within_95": true
    },
    "A3": {
      "true": 5.9,
      "median": 5.889642069568122,
      "mean": 5.8895142145750725,
      "std": 0.04833685406242419,
      "ci68": [
        5.840740713389099,
        5.9378776844330785
      ],
      "ci95": [
        5.7942650042276895,
        5.984521729053318
      ],
      "bias": -0.01035793043187816,
      "z_score": -0.2142863997417272,
      "within_68": true,
      "within_95": true
    },
    "mu3": {
      "true": 17.333333333333332,
      "median": 17.319462894483976,
      "mean": 17.319619269308998,
      "std": 0.017530910521198373,
      "ci68": [
        17.30229833899419,
        17.337012953847776
      ],
      "ci95": [
        17.285201702995597,
        17.354344186266513
      ],
      "bias": -0.013870438849355793,
      "z_score": -0.7911989986249522,
      "within_68": true,
      "within_95": true
    },
    "_summary": {
      "max_abs_z": 0.9300979621134876,
      "rms_z": 0.6590257429906747,
      "coverage68": 1.0,
      "coverage95": 1.0,
      "n_params": 6
    }
  },
  "ppc": {
    "reduced_chi2": 0.9367261673514029,
    "coverage68": 0.7,
    "coverage95": 0.9888888888888889,
    "bayesian_p_value": 0.635,
    "dof": 84
  },
  "runtime_s": 16.63778170570731,
  "wall_s": 18.781467400491238,
  "n_samples": 27000,
  "aic": -85.38766324509976,
  "bic": -70.38880522311817,
  "waic": -85.58454493284387,
  "info": {
    "converged": true,
    "mean_acceptance_fraction": 0.5166944444444445,
    "mean_autocorr_time": 68.49183872978345
  }
}