{
  "mock": "bazin_sn",
  "sampler": "abc",
  "label": "ABC",
  "params": [
    "amplitude",
    "t0",
    "tau_rise",
    "tau_fall"
  ],
  "truth": {
    "amplitude": 5.0,
    "t0": 20.0,
    "tau_rise": 4.0,
    "tau_fall": 25.0
  },
  "recovery": {
    "amplitude": {
      "true": 5.0,
      "median": 4.779898218012315,
      "mean": 4.826654659043982,
      "std": 0.8057021465326267,
      "ci68": [
        3.9431480845951525,
        5.71666204203657
      ],
      "ci95": [
        3.5207337611152427,
        6.4482748063500015
      ],
      "bias": -0.22010178198768493,
      "z_score": -0.27318008638167623,
      "within_68": true,
      "within_95": true
    },
    "t0": {
      "true": 20.0,
      "median": 19.769558797889086,
      "mean": 20.365737826163553,
      "std": 3.1746396084543185,
      "ci68": [
        17.19641445099713,
        24.03591023399579
      ],
      "ci95": [
        15.735583618852063,
        27.274926071920873
      ],
      "bias": -0.23044120211091368,
      "z_score": -0.07258814559524501,
      "within_68": true,
      "within_95": true
    },
    "tau_rise": {
      "true": 4.0,
      "median": 4.20810935465231,
      "mean": 4.183872606754054,
      "std": 1.2674953527907862,
      "ci68": [
        2.757541950376608,
        5.5279564714655365
      ],
      "ci95": [
        1.8860103984319632,
        6.4967402953456395
      ],
      "bias": 0.20810935465230962,
      "z_score": 0.16418944195266041,
      "within_68": true,
      "within_95": true
    },
    "tau_fall": {
      "true": 25.0,
      "median": 27.588178767606824,
      "mean": 28.621435999749302,
      "std": 8.710492976723318,
      "ci68": [
        19.51887812475855,
        38.183560185507886
      ],
      "ci95": [
        15.50378260081118,
        47.76935283890101
      ],
      "bias": 2.5881787676068235,
      "z_score": 0.2971334429088117,
      "within_68": true,
      "within_95": true
    },
    "_summary": {
      "max_abs_z": 0.2971334429088117,
      "rms_z": 0.22087488212788406,
      "coverage68": 1.0,
      "coverage95": 1.0,
      "n_params": 4
    }
  },
  "ppc": {
    "reduced_chi2": 1.3966431849766425,
    "coverage68": 0.925,
    "coverage95": 1.0,
    "bayesian_p_value": 0.0,
    "dof": 76
  },
  "runtime_s": 7.188849467784166,
  "wall_s": 7.29652676358819,
  "n_samples": 600,
  "amortized_s": null,
  "aic": -42.364150210768585,
  "bic": -32.83604367207306,
  "waic": 984.8636043786355,
  "info": {
    "simulate_noise": true
  }
}