{
  "mock": "damped_sine",
  "sampler": "abc",
  "label": "ABC",
  "params": [
    "A",
    "tau",
    "freq",
    "phase"
  ],
  "truth": {
    "A": 5.0,
    "tau": 10.0,
    "freq": 0.07,
    "phase": 1.0
  },
  "recovery": {
    "A": {
      "true": 5.0,
      "median": 4.604405985308478,
      "mean": 4.8351781242187934,
      "std": 1.2435488910114205,
      "ci68": [
        3.546128891451237,
        6.250734399191428
      ],
      "ci95": [
        2.8812812455476173,
        7.413382418961834
      ],
      "bias": -0.3955940146915218,
      "z_score": -0.3181169775880478,
      "within_68": true,
      "within_95": true
    },
    "tau": {
      "true": 10.0,
      "median": 11.416010132893437,
      "mean": 13.114898119258964,
      "std": 6.299441228025326,
      "ci68": [
        7.095728866898426,
        19.99894586996483
      ],
      "ci95": [
        5.071255911289777,
        27.42683538709933
      ],
      "bias": 1.4160101328934367,
      "z_score": 0.22478345009297132,
      "within_68": true,
      "within_95": true
    },
    "freq": {
      "true": 0.07,
      "median": 0.07157360990637138,
      "mean": 0.07133722025509406,
      "std": 0.009191726236521928,
      "ci68": [
        0.06181180776995654,
        0.0809417145245497
      ],
      "ci95": [
        0.05456412105853265,
        0.08931504041500093
      ],
      "bias": 0.0015736099063713704,
      "z_score": 0.17119851765372107,
      "within_68": true,
      "within_95": true
    },
    "phase": {
      "true": 1.0,
      "median": 0.946549837711057,
      "mean": 0.9543750910509924,
      "std": 0.3696382060414308,
      "ci68": [
        0.5774069946231074,
        1.3646482955352295
      ],
      "ci95": [
        0.301541048046656,
        1.6256459083921089
      ],
      "bias": -0.05345016228894295,
      "z_score": -0.1446012923321893,
      "within_68": true,
      "within_95": true
    },
    "_summary": {
      "max_abs_z": 0.3181169775880478,
      "rms_z": 0.22469116418788287,
      "coverage68": 1.0,
      "coverage95": 1.0,
      "n_params": 4
    }
  },
  "ppc": {
    "reduced_chi2": 2.0688006898030653,
    "coverage68": 1.0,
    "coverage95": 1.0,
    "bayesian_p_value": 0.0,
    "dof": 96
  },
  "runtime_s": 8.2710618712008,
  "wall_s": 8.364490173757076,
  "n_samples": 600,
  "amortized_s": null,
  "aic": 10.96857588485247,
  "bic": 21.389256628804834,
  "waic": 29109.379960225953,
  "info": {
    "simulate_noise": true
  }
}