{
  "method": "abc_smc",
  "label": "ABC-SMC",
  "params": [
    "mej_1",
    "vej_1",
    "temperature_floor_1",
    "mej_2",
    "vej_2",
    "kappa_2",
    "temperature_floor_2"
  ],
  "summary": {
    "mej_1": {
      "median": 0.08588904654173951,
      "ci16": 0.07377638241275383,
      "ci84": 0.09549245678069171,
      "mean": 0.08375970797979289,
      "std": 0.012126000130755082
    },
    "vej_1": {
      "median": 0.25473119602661254,
      "ci16": 0.21889270508503492,
      "ci84": 0.28197289404903614,
      "mean": 0.2515340568498468,
      "std": 0.028025157482960906
    },
    "temperature_floor_1": {
      "median": 3265.502926844345,
      "ci16": 554.8409218577731,
      "ci84": 3571.424574327868,
      "mean": 2735.497545926075,
      "std": 1317.571133607076
    },
    "mej_2": {
      "median": 0.05420930413682336,
      "ci16": 0.02565022195580162,
      "ci84": 0.08447117252826034,
      "mean": 0.054146140748916466,
      "std": 0.025352327483807842
    },
    "vej_2": {
      "median": 0.1762977179769403,
      "ci16": 0.08526639654333702,
      "ci84": 0.2683514978550311,
      "mean": 0.17671225118562833,
      "std": 0.07476626287330582
    },
    "kappa_2": {
      "median": 7.632581449359609,
      "ci16": 1.8000072730177454,
      "ci84": 23.754015354054992,
      "mean": 11.26420116038395,
      "std": 9.355656908879634
    },
    "temperature_floor_2": {
      "median": 1127.2247100470324,
      "ci16": 259.5881149514807,
      "ci84": 4157.282022982678,
      "mean": 1932.591411774844,
      "std": 1751.3516970941118
    }
  },
  "best_params": {
    "mej_1": 0.08290984730105584,
    "vej_1": 0.26700906235409105,
    "temperature_floor_1": 2774.6871325201314,
    "mej_2": 0.029428199194390735,
    "vej_2": 0.2860303718756921,
    "kappa_2": 2.363911012185384,
    "temperature_floor_2": 4687.335423865363
  },
  "ppc": {
    "cov68": 0.2843601895734597,
    "cov95": 0.6066350710900474,
    "chi2_reported": 74.92841847340857,
    "chi2_scatter": 74.92841847340856,
    "dof": 204
  },
  "runtime_s": 181.42714005708694,
  "wall_s": 236.18166771158576,
  "amortized_s": null,
  "n_samples": 800,
  "aic": 14449.260061546338,
  "bic": 14472.723068480671,
  "max_log_likelihood": -7217.630030773169,
  "info": {
    "n_particles": 800,
    "n_rounds": 8,
    "total_simulations": 566400,
    "weighted": true,
    "kernel": "diagonal_gaussian_2x_weighted_var",
    "quantile": 0.5,
    "min_epsilon": "auto",
    "simulate_noise": true,
    "space": "magnitude",
    "scatter_param": null,
    "n_jobs": 48,
    "distance": "chi2_distance",
    "likelihood_space": "magnitude"
  }
}