{
  "method": "npe_mdn",
  "label": "NPE-MDN (GPU)",
  "params": [
    "mej_1",
    "vej_1",
    "temperature_floor_1",
    "mej_2",
    "vej_2",
    "kappa_2",
    "temperature_floor_2",
    "sigma"
  ],
  "summary": {
    "mej_1": {
      "median": 0.08337763324379921,
      "ci16": 0.06913976669311524,
      "ci84": 0.09413227826356887,
      "mean": 0.08184335242584348,
      "std": 0.011665021209936687
    },
    "vej_1": {
      "median": 0.26075810194015503,
      "ci16": 0.21219633698463441,
      "ci84": 0.28587831258773805,
      "mean": 0.25081572902947663,
      "std": 0.03774029874778212
    },
    "temperature_floor_1": {
      "median": 2026.6798095703125,
      "ci16": 839.0449145507813,
      "ci84": 3408.6572167968748,
      "mean": 2109.229161650057,
      "std": 1151.189079828336
    },
    "mej_2": {
      "median": 0.060600221157073975,
      "ci16": 0.03500989004969597,
      "ci84": 0.08227105915546418,
      "mean": 0.05882433360843425,
      "std": 0.022196671200386448
    },
    "vej_2": {
      "median": 0.17996258288621902,
      "ci16": 0.11462972283363343,
      "ci84": 0.24354979693889617,
      "mean": 0.17912345366068183,
      "std": 0.059194545186416134
    },
    "kappa_2": {
      "median": 6.98523211479187,
      "ci16": 2.4893870735168457,
      "ci84": 17.025267868041993,
      "mean": 9.089418513536453,
      "std": 6.870141646712598
    },
    "temperature_floor_2": {
      "median": 2719.9227294921875,
      "ci16": 1093.3209716796878,
      "ci84": 4269.93361328125,
      "mean": 2736.3215909826367,
      "std": 1476.4399098016481
    },
    "sigma": {
      "median": 0.8263044059276581,
      "ci16": 0.17555729031562808,
      "ci84": 1.5803625679016113,
      "mean": 0.8821296224485708,
      "std": 0.6080913217954913
    }
  },
  "best_params": {
    "mej_1": 0.07572624087333679,
    "vej_1": 0.2668055295944214,
    "temperature_floor_1": 3289.234130859375,
    "mej_2": 0.06127471849322319,
    "vej_2": 0.13282403349876404,
    "kappa_2": 1.6179850101470947,
    "temperature_floor_2": 205.4961395263672,
    "sigma": 0.3230862021446228
  },
  "ppc": {
    "cov68": 0.9620853080568721,
    "cov95": 1.0,
    "chi2_reported": 86.4674793505939,
    "chi2_scatter": 1.0193484358372353,
    "dof": 203,
    "space": "magnitude"
  },
  "runtime_s": 835.7151423878968,
  "wall_s": 856.4159341901541,
  "amortized_s": 0.009795483201742172,
  "n_samples": 10000,
  "aic": 152.09281559300143,
  "bic": 178.90768066080997,
  "max_log_likelihood": -68.04640779650072,
  "info": {
    "num_rounds": 1,
    "num_simulations": 25000,
    "total_simulations": 25000,
    "density_estimator": "mdn",
    "embedding_net": null,
    "x_format": "stacked",
    "normalize_x": "asinh",
    "sim_backend": "numpy",
    "scatter_param": "sigma",
    "proposal_mode": "posterior",
    "truncate_quantile": null,
    "space": "magnitude",
    "num_samples": 10000,
    "device": "cuda",
    "seed": 0,
    "num_workers": 24
  }
}