{
  "method": "npe_nsf",
  "label": "NPE-NSF (GPU)",
  "params": [
    "mej_1",
    "vej_1",
    "temperature_floor_1",
    "mej_2",
    "vej_2",
    "kappa_2",
    "temperature_floor_2",
    "sigma"
  ],
  "summary": {
    "mej_1": {
      "median": 0.0877760611474514,
      "ci16": 0.07661055445671082,
      "ci84": 0.09350534081459046,
      "mean": 0.08529991115517914,
      "std": 0.009424346682685658
    },
    "vej_1": {
      "median": 0.2869909107685089,
      "ci16": 0.25853809595108035,
      "ci84": 0.2954727649688721,
      "mean": 0.27750097297877074,
      "std": 0.025089042845436758
    },
    "temperature_floor_1": {
      "median": 3260.931640625,
      "ci16": 987.1644677734375,
      "ci84": 3427.692041015625,
      "mean": 2662.057527055359,
      "std": 1137.0734257205356
    },
    "mej_2": {
      "median": 0.05883325822651386,
      "ci16": 0.029626300483942034,
      "ci84": 0.08595717400312423,
      "mean": 0.05717731756676876,
      "std": 0.025370545862704694
    },
    "vej_2": {
      "median": 0.16223817318677902,
      "ci16": 0.07544194400310517,
      "ci84": 0.2530853998661041,
      "mean": 0.163869288379699,
      "std": 0.07417894283473289
    },
    "kappa_2": {
      "median": 7.579878330230713,
      "ci16": 2.25064980506897,
      "ci84": 19.92110427856445,
      "mean": 10.154697237205506,
      "std": 7.965417862690517
    },
    "temperature_floor_2": {
      "median": 640.2281188964844,
      "ci16": 174.05815795898437,
      "ci84": 3255.447734375,
      "mean": 1409.7972300933839,
      "std": 1494.8885173943456
    },
    "sigma": {
      "median": 0.5254514813423157,
      "ci16": 0.4049460542201996,
      "ci84": 0.6807059693336487,
      "mean": 0.5455174971373752,
      "std": 0.16175937931442713
    }
  },
  "best_params": {
    "mej_1": 0.0971972644329071,
    "vej_1": 0.29338258504867554,
    "temperature_floor_1": 3212.37109375,
    "mej_2": 0.0010855215368792415,
    "vej_2": 0.15530507266521454,
    "kappa_2": 22.84079933166504,
    "temperature_floor_2": 201.44618225097656,
    "sigma": 0.28933262825012207
  },
  "ppc": {
    "cov68": 0.909952606635071,
    "cov95": 0.990521327014218,
    "chi2_reported": 91.65106988201988,
    "chi2_scatter": 1.1983766309396457,
    "dof": 203,
    "space": "magnitude"
  },
  "runtime_s": 1205.598011288792,
  "wall_s": 1226.764456603676,
  "amortized_s": 0.07410311698913574,
  "n_samples": 10000,
  "aic": 145.60887897752747,
  "bic": 172.423744045336,
  "max_log_likelihood": -64.80443948876373,
  "info": {
    "num_rounds": 1,
    "num_simulations": 25000,
    "total_simulations": 25000,
    "density_estimator": "nsf",
    "embedding_net": null,
    "x_format": "stacked",
    "normalize_x": "asinh",
    "sim_backend": "numpy",
    "scatter_param": "sigma",
    "proposal_mode": "posterior",
    "truncate_quantile": null,
    "space": "magnitude",
    "num_samples": 10000,
    "device": "cuda",
    "seed": 0,
    "num_workers": 24
  }
}