{
  "method": "snpe5_nsf",
  "label": "SNPE-5r NSF (GPU, no embed)",
  "params": [
    "mej_1",
    "vej_1",
    "temperature_floor_1",
    "mej_2",
    "vej_2",
    "kappa_2",
    "temperature_floor_2",
    "sigma"
  ],
  "summary": {
    "mej_1": {
      "median": 0.08595772832632065,
      "ci16": 0.07200251936912537,
      "ci84": 0.09381579905748368,
      "mean": 0.08347640357948839,
      "std": 0.010692144538571369
    },
    "vej_1": {
      "median": 0.2771804630756378,
      "ci16": 0.23440983057022094,
      "ci84": 0.2953331184387207,
      "mean": 0.26682971655279397,
      "std": 0.031195923223074185
    },
    "temperature_floor_1": {
      "median": 2929.1282958984375,
      "ci16": 664.2504931640625,
      "ci84": 3379.6509765625,
      "mean": 2367.507511192703,
      "std": 1187.1606823238367
    },
    "mej_2": {
      "median": 0.06761500239372253,
      "ci16": 0.03497245818376541,
      "ci84": 0.09060960918664933,
      "mean": 0.06368011562486353,
      "std": 0.02498725419588629
    },
    "vej_2": {
      "median": 0.1464773789048195,
      "ci16": 0.08346307605504989,
      "ci84": 0.23454291760921478,
      "mean": 0.1541923497390002,
      "std": 0.06665054933026351
    },
    "kappa_2": {
      "median": 5.218156337738037,
      "ci16": 1.6931812381744387,
      "ci84": 14.380109634399414,
      "mean": 7.609566768276691,
      "std": 6.875965984454771
    },
    "temperature_floor_2": {
      "median": 797.8115844726562,
      "ci16": 181.35992065429687,
      "ci84": 3640.8909375,
      "mean": 1621.3828685646058,
      "std": 1600.283271480791
    },
    "sigma": {
      "median": 0.6840767562389374,
      "ci16": 0.12485587209463121,
      "ci84": 1.3964910173416138,
      "mean": 0.737988649985753,
      "std": 0.5433639000595316
    }
  },
  "best_params": {
    "mej_1": 0.09920995682477951,
    "vej_1": 0.2950667440891266,
    "temperature_floor_1": 3139.360107421875,
    "mej_2": 0.07424403727054596,
    "vej_2": 0.09437145292758942,
    "kappa_2": 8.181624412536621,
    "temperature_floor_2": 593.2760620117188,
    "sigma": 0.31332966685295105
  },
  "ppc": {
    "cov68": 0.95260663507109,
    "cov95": 1.0,
    "chi2_reported": 90.48580614605832,
    "chi2_scatter": 1.0135478712852555,
    "dof": 203,
    "space": "magnitude"
  },
  "runtime_s": 918.6180111542344,
  "wall_s": 941.6585013046861,
  "amortized_s": 0.09078165143728256,
  "n_samples": 10000,
  "aic": 138.95321761102977,
  "bic": 165.7680826788383,
  "max_log_likelihood": -61.476608805514886,
  "info": {
    "num_rounds": 5,
    "num_simulations": 5000,
    "total_simulations": 25000,
    "density_estimator": "nsf",
    "embedding_net": null,
    "x_format": "stacked",
    "normalize_x": "asinh",
    "sim_backend": "numpy",
    "scatter_param": "sigma",
    "proposal_mode": "restricted",
    "truncate_quantile": 0.0001,
    "space": "magnitude",
    "num_samples": 10000,
    "device": "cuda",
    "seed": 0,
    "num_workers": 24
  }
}