{
  "method": "abc",
  "label": "ABC",
  "params": [
    "mej_1",
    "vej_1",
    "temperature_floor_1",
    "mej_2",
    "vej_2",
    "kappa_2",
    "temperature_floor_2"
  ],
  "summary": {
    "mej_1": {
      "median": 0.07599449521722207,
      "ci16": 0.05586225273911907,
      "ci84": 0.09261611912656023,
      "mean": 0.07413228190067393,
      "std": 0.01716102527176489
    },
    "vej_1": {
      "median": 0.26642397625072917,
      "ci16": 0.23440226837598493,
      "ci84": 0.28816465625493926,
      "mean": 0.26139987098971373,
      "std": 0.026279900618373625
    },
    "temperature_floor_1": {
      "median": 2856.5896195946398,
      "ci16": 416.09634645591433,
      "ci84": 4202.682323845674,
      "mean": 2503.9343188163234,
      "std": 1584.0851844521924
    },
    "mej_2": {
      "median": 0.07022004157766557,
      "ci16": 0.04706605269305647,
      "ci84": 0.09164265556870142,
      "mean": 0.06898331525932445,
      "std": 0.021614310549085695
    },
    "vej_2": {
      "median": 0.1827364408535342,
      "ci16": 0.08337228450377838,
      "ci84": 0.26242917732800525,
      "mean": 0.17310319810013053,
      "std": 0.07600545617948865
    },
    "kappa_2": {
      "median": 3.5748700941723044,
      "ci16": 1.434608649047717,
      "ci84": 9.506731936161597,
      "mean": 5.474404516595496,
      "std": 5.233713092595881
    },
    "temperature_floor_2": {
      "median": 1361.6751736110775,
      "ci16": 232.10936437525666,
      "ci84": 4865.73877229684,
      "mean": 2208.880920978407,
      "std": 1957.0586829246602
    }
  },
  "best_params": {
    "mej_1": 0.05839371464611846,
    "vej_1": 0.27213166734605676,
    "temperature_floor_1": 5025.246666270893,
    "mej_2": 0.09603557889616637,
    "vej_2": 0.20855812305011034,
    "kappa_2": 3.1796472515145617,
    "temperature_floor_2": 1695.1326374088449
  },
  "ppc": {
    "cov68": 0.37924151696606784,
    "cov95": 0.6926147704590818,
    "chi2_reported": 307.97125685907355,
    "chi2_scatter": 307.9712568590735,
    "dof": 494,
    "space": "magnitude"
  },
  "runtime_s": 818.9115283489227,
  "wall_s": 894.4656247608364,
  "amortized_s": null,
  "n_samples": 300,
  "aic": 150271.00065702776,
  "bic": 150300.51689973535,
  "max_log_likelihood": -75128.50032851388,
  "info": {
    "n_simulations": 60000,
    "n_accepted": 300,
    "acceptance_rate": 0.005,
    "epsilon": 209905.3086304988,
    "quantile": 0.005,
    "simulate_noise": true,
    "space": "magnitude",
    "scatter_param": null,
    "n_jobs": 48,
    "distance": "chi2_distance",
    "likelihood_space": "magnitude"
  }
}