{
  "method": "snpe5_nsf",
  "label": "SNPE-5r NSF (GPU, no embed)",
  "params": [
    "mej_1",
    "vej_1",
    "temperature_floor_1",
    "mej_2",
    "vej_2",
    "kappa_2",
    "temperature_floor_2",
    "sigma"
  ],
  "summary": {
    "mej_1": {
      "median": 0.04783293791115284,
      "ci16": 0.03713362947106361,
      "ci84": 0.05434655025601387,
      "mean": 0.04710058800876141,
      "std": 0.007618154411414885
    },
    "vej_1": {
      "median": 0.2912294715642929,
      "ci16": 0.27054155111312866,
      "ci84": 0.2982078969478607,
      "mean": 0.28451492786705496,
      "std": 0.018588775606436465
    },
    "temperature_floor_1": {
      "median": 2238.819091796875,
      "ci16": 576.8907446289063,
      "ci84": 4675.83666015625,
      "mean": 2669.796430212021,
      "std": 1847.7201061606033
    },
    "mej_2": {
      "median": 0.0958995372056961,
      "ci16": 0.08918659895658493,
      "ci84": 0.09886030733585358,
      "mean": 0.09425344300828874,
      "std": 0.005252108862976848
    },
    "vej_2": {
      "median": 0.2707285135984421,
      "ci16": 0.22733910381793976,
      "ci84": 0.2923723316192627,
      "mean": 0.26044757519066336,
      "std": 0.036028525628701256
    },
    "kappa_2": {
      "median": 1.2732548117637634,
      "ci16": 1.0813681602478027,
      "ci84": 1.5768744325637816,
      "mean": 1.3310958745598793,
      "std": 0.2987832071243288
    },
    "temperature_floor_2": {
      "median": 381.3732452392578,
      "ci16": 127.82062652587891,
      "ci84": 2771.2206347656247,
      "mean": 928.3626091388941,
      "std": 1147.096918886621
    },
    "sigma": {
      "median": 0.09023817628622055,
      "ci16": 0.02249057672917843,
      "ci84": 0.7308402037620544,
      "mean": 0.31301266256309535,
      "std": 0.44216694966727726
    }
  },
  "best_params": {
    "mej_1": 0.03549768030643463,
    "vej_1": 0.29040947556495667,
    "temperature_floor_1": 5225.31298828125,
    "mej_2": 0.09790151566267014,
    "vej_2": 0.18261197209358215,
    "kappa_2": 1.0526237487792969,
    "temperature_floor_2": 543.9566040039062,
    "sigma": 0.7095081806182861
  },
  "ppc": {
    "cov68": 0.5788423153692615,
    "cov95": 0.9600798403193613,
    "chi2_reported": 278.39542807161894,
    "chi2_scatter": 1.3506559806978338,
    "dof": 493,
    "space": "magnitude"
  },
  "runtime_s": 1220.4505237266421,
  "wall_s": 1760.4200448170304,
  "amortized_s": 0.09551219269633293,
  "n_samples": 10000,
  "aic": 1270.8761764094356,
  "bic": 1304.6090252181145,
  "max_log_likelihood": -627.4380882047178,
  "info": {
    "num_rounds": 5,
    "num_simulations": 5000,
    "total_simulations": 25000,
    "density_estimator": "nsf",
    "embedding_net": null,
    "x_format": "stacked",
    "sim_backend": "numpy",
    "scatter_param": "sigma",
    "proposal_mode": "restricted",
    "truncate_quantile": 0.0001,
    "space": "magnitude",
    "num_samples": 10000,
    "device": "cuda",
    "seed": 0,
    "num_workers": 24
  }
}