{
  "method": "npe_mdn",
  "label": "NPE-MDN (GPU)",
  "params": [
    "mej_1",
    "vej_1",
    "temperature_floor_1",
    "mej_2",
    "vej_2",
    "kappa_2",
    "temperature_floor_2",
    "sigma"
  ],
  "summary": {
    "mej_1": {
      "median": 0.0735260508954525,
      "ci16": 0.059514624029397965,
      "ci84": 0.09315700262784958,
      "mean": 0.07499827534630894,
      "std": 0.014878844208649862
    },
    "vej_1": {
      "median": 0.2782754749059677,
      "ci16": 0.24529014825820922,
      "ci84": 0.2933504807949066,
      "mean": 0.2697084580920637,
      "std": 0.02761300298979294
    },
    "temperature_floor_1": {
      "median": 1690.1398315429688,
      "ci16": 425.5074719238282,
      "ci84": 2904.698564453125,
      "mean": 1741.6145242455013,
      "std": 1129.8545696944102
    },
    "mej_2": {
      "median": 0.06635598838329315,
      "ci16": 0.047463113516569136,
      "ci84": 0.08321189910173415,
      "mean": 0.0651605429829273,
      "std": 0.017480588130723777
    },
    "vej_2": {
      "median": 0.22183629870414734,
      "ci16": 0.15951748967170715,
      "ci84": 0.2699758851528168,
      "mean": 0.2146990316491574,
      "std": 0.05319450543735441
    },
    "kappa_2": {
      "median": 4.944101572036743,
      "ci16": 2.1377371883392335,
      "ci84": 9.503829002380371,
      "mean": 5.835908039045334,
      "std": 3.9509282701466018
    },
    "temperature_floor_2": {
      "median": 2552.00146484375,
      "ci16": 1136.3336279296875,
      "ci84": 3570.697890625,
      "mean": 2437.808678663659,
      "std": 1178.2901253021598
    },
    "sigma": {
      "median": 0.9688516557216644,
      "ci16": 0.2284637922048569,
      "ci84": 1.581120629310608,
      "mean": 0.9558436932033403,
      "std": 0.5976512020223631
    }
  },
  "best_params": {
    "mej_1": 0.05304991453886032,
    "vej_1": 0.2852073907852173,
    "temperature_floor_1": 4700.09716796875,
    "mej_2": 0.07689846307039261,
    "vej_2": 0.20970191061496735,
    "kappa_2": 2.7985150814056396,
    "temperature_floor_2": 1479.276611328125,
    "sigma": 0.9057428240776062
  },
  "ppc": {
    "cov68": 0.9161676646706587,
    "cov95": 0.9640718562874252,
    "chi2_reported": 308.9796764359419,
    "chi2_scatter": 0.85913848164876,
    "dof": 493,
    "space": "magnitude"
  },
  "runtime_s": 877.2025382444263,
  "wall_s": 1381.558502562344,
  "amortized_s": 0.012354034930467606,
  "n_samples": 10000,
  "aic": 1268.6902542166604,
  "bic": 1302.4231030253393,
  "max_log_likelihood": -626.3451271083302,
  "info": {
    "num_rounds": 1,
    "num_simulations": 25000,
    "total_simulations": 25000,
    "density_estimator": "mdn",
    "embedding_net": null,
    "x_format": "stacked",
    "sim_backend": "numpy",
    "scatter_param": "sigma",
    "proposal_mode": "posterior",
    "truncate_quantile": null,
    "space": "magnitude",
    "num_samples": 10000,
    "device": "cuda",
    "seed": 0,
    "num_workers": 24
  }
}