{
  "method": "snpe5_nsf",
  "label": "SNPE-5r NSF (GPU, no embed)",
  "params": [
    "mej_1",
    "vej_1",
    "temperature_floor_1",
    "mej_2",
    "vej_2",
    "kappa_2",
    "temperature_floor_2",
    "sigma"
  ],
  "summary": {
    "mej_1": {
      "median": 0.028759486973285675,
      "ci16": 0.0251344658434391,
      "ci84": 0.033961494714021684,
      "mean": 0.029582809939235448,
      "std": 0.005063250149816477
    },
    "vej_1": {
      "median": 0.297621414065361,
      "ci16": 0.2872835922241211,
      "ci84": 0.29945838928222657,
      "mean": 0.2936653150841594,
      "std": 0.009529809459711833
    },
    "temperature_floor_1": {
      "median": 321.27638244628906,
      "ci16": 181.8738610839844,
      "ci84": 589.805556640625,
      "mean": 381.2284928878784,
      "std": 300.7320347341455
    },
    "mej_2": {
      "median": 0.09881071001291275,
      "ci16": 0.09731806278228759,
      "ci84": 0.09965441972017289,
      "mean": 0.09842140975669027,
      "std": 0.001597183372969506
    },
    "vej_2": {
      "median": 0.2030312865972519,
      "ci16": 0.18562904953956605,
      "ci84": 0.22875597834587097,
      "mean": 0.20727304530143736,
      "std": 0.02455587399735392
    },
    "kappa_2": {
      "median": 1.0920483469963074,
      "ci16": 1.0266517448425294,
      "ci84": 1.203506588935852,
      "mean": 1.1137661430835724,
      "std": 0.0915140511292209
    },
    "temperature_floor_2": {
      "median": 2555.82177734375,
      "ci16": 2313.494140625,
      "ci84": 2779.631982421875,
      "mean": 2602.5176481025696,
      "std": 724.4909869867535
    },
    "sigma": {
      "median": 1.1216129660606384,
      "ci16": 0.17462031781673432,
      "ci84": 1.623250093460083,
      "mean": 0.9590052443831227,
      "std": 0.568854958807499
    }
  },
  "best_params": {
    "mej_1": 0.029375456273555756,
    "vej_1": 0.2977486550807953,
    "temperature_floor_1": 5977.08935546875,
    "mej_2": 0.09828732907772064,
    "vej_2": 0.20094825327396393,
    "kappa_2": 1.1266456842422485,
    "temperature_floor_2": 194.13955688476562,
    "sigma": 1.2079273462295532
  },
  "ppc": {
    "cov68": 0.9201596806387226,
    "cov95": 0.9660678642714571,
    "chi2_reported": 252.0362302734807,
    "chi2_scatter": 0.4683453408720369,
    "dof": 493,
    "space": "magnitude"
  },
  "runtime_s": 1428.7262819819152,
  "wall_s": 1469.4308298192918,
  "amortized_s": 0.24406563118100166,
  "n_samples": 10000,
  "aic": 1361.258834714984,
  "bic": 1394.991683523663,
  "max_log_likelihood": -672.629417357492,
  "info": {
    "num_rounds": 5,
    "num_simulations": 5000,
    "total_simulations": 25000,
    "density_estimator": "nsf",
    "embedding_net": null,
    "x_format": "stacked",
    "normalize_x": "asinh",
    "sim_backend": "numpy",
    "scatter_param": "sigma",
    "proposal_mode": "restricted",
    "truncate_quantile": 0.0001,
    "space": "magnitude",
    "num_samples": 10000,
    "device": "cuda",
    "seed": 0,
    "num_workers": 24
  }
}