{
  "method": "npe_nsf",
  "label": "NPE-NSF (GPU)",
  "params": [
    "mej_1",
    "vej_1",
    "temperature_floor_1",
    "mej_2",
    "vej_2",
    "kappa_2",
    "temperature_floor_2",
    "sigma"
  ],
  "summary": {
    "mej_1": {
      "median": 0.04605671018362045,
      "ci16": 0.03878124326467514,
      "ci84": 0.05279932826757431,
      "mean": 0.045897443243581804,
      "std": 0.00846785965915996
    },
    "vej_1": {
      "median": 0.2832869291305542,
      "ci16": 0.21791487336158752,
      "ci84": 0.29863506436347964,
      "mean": 0.26246681443452835,
      "std": 0.05248961988558878
    },
    "temperature_floor_1": {
      "median": 2961.9334716796875,
      "ci16": 628.4715478515626,
      "ci84": 5166.611015625,
      "mean": 2931.3341391471863,
      "std": 1825.2250081642158
    },
    "mej_2": {
      "median": 0.09669335559010506,
      "ci16": 0.09287626773118973,
      "ci84": 0.09840181887149811,
      "mean": 0.0957264987397939,
      "std": 0.003649110647459845
    },
    "vej_2": {
      "median": 0.2160535380244255,
      "ci16": 0.18314460515975953,
      "ci84": 0.25926399827003477,
      "mean": 0.21889977828226984,
      "std": 0.03594866374465053
    },
    "kappa_2": {
      "median": 1.3959461450576782,
      "ci16": 1.1171921730041503,
      "ci84": 1.85759352684021,
      "mean": 1.5541695488095284,
      "std": 0.8976588600954718
    },
    "temperature_floor_2": {
      "median": 497.88592529296875,
      "ci16": 233.38303100585938,
      "ci84": 2911.118554687498,
      "mean": 1149.21905185318,
      "std": 1415.8191833894014
    },
    "sigma": {
      "median": 0.5086027383804321,
      "ci16": 0.049607425034046186,
      "ci84": 1.3338156986236571,
      "mean": 0.6325893756342587,
      "std": 0.5528590366647967
    }
  },
  "best_params": {
    "mej_1": 0.0482398085296154,
    "vej_1": 0.29618775844573975,
    "temperature_floor_1": 5311.98876953125,
    "mej_2": 0.0916108563542366,
    "vej_2": 0.1772737205028534,
    "kappa_2": 2.1221625804901123,
    "temperature_floor_2": 194.13491821289062,
    "sigma": 0.7141982316970825
  },
  "ppc": {
    "cov68": 0.8483033932135728,
    "cov95": 0.9640718562874252,
    "chi2_reported": 262.3034689343224,
    "chi2_scatter": 1.134677934081048,
    "dof": 493,
    "space": "magnitude"
  },
  "runtime_s": 1225.1366281546652,
  "wall_s": 1761.5631124153733,
  "amortized_s": 0.13345680385828018,
  "n_samples": 10000,
  "aic": 1170.8494165086593,
  "bic": 1204.5822653173382,
  "max_log_likelihood": -577.4247082543296,
  "info": {
    "num_rounds": 1,
    "num_simulations": 25000,
    "total_simulations": 25000,
    "density_estimator": "nsf",
    "embedding_net": null,
    "x_format": "stacked",
    "sim_backend": "numpy",
    "scatter_param": "sigma",
    "proposal_mode": "posterior",
    "truncate_quantile": null,
    "space": "magnitude",
    "num_samples": 10000,
    "device": "cuda",
    "seed": 0,
    "num_workers": 24
  }
}