{
  "method": "npe_nsf",
  "label": "NPE-NSF (GPU)",
  "params": [
    "mej_1",
    "vej_1",
    "temperature_floor_1",
    "mej_2",
    "vej_2",
    "kappa_2",
    "temperature_floor_2",
    "sigma"
  ],
  "summary": {
    "mej_1": {
      "median": 0.046457432210445404,
      "ci16": 0.04031672790646553,
      "ci84": 0.05091313689947128,
      "mean": 0.04564993248088285,
      "std": 0.006696415789022356
    },
    "vej_1": {
      "median": 0.2631450295448303,
      "ci16": 0.24092543244361878,
      "ci84": 0.2892868196964264,
      "mean": 0.2637751370817423,
      "std": 0.021897333715676974
    },
    "temperature_floor_1": {
      "median": 1828.6615600585938,
      "ci16": 836.4800952148438,
      "ci84": 4693.78521484375,
      "mean": 2382.807463291931,
      "std": 1606.3198977389043
    },
    "mej_2": {
      "median": 0.078875582665205,
      "ci16": 0.06675877124071121,
      "ci84": 0.08631307125091553,
      "mean": 0.07732056442988106,
      "std": 0.010000613163470487
    },
    "vej_2": {
      "median": 0.21677204221487045,
      "ci16": 0.1855601990222931,
      "ci84": 0.2710516333580017,
      "mean": 0.22177382057234646,
      "std": 0.04064391214598145
    },
    "kappa_2": {
      "median": 1.6986613273620605,
      "ci16": 1.3682533502578735,
      "ci84": 2.0761435413360596,
      "mean": 1.7321495331048966,
      "std": 0.37451775956862543
    },
    "temperature_floor_2": {
      "median": 622.0564270019531,
      "ci16": 211.66501037597658,
      "ci84": 3658.706552734375,
      "mean": 1415.0601523086548,
      "std": 1508.0829309506996
    },
    "sigma": {
      "median": 0.27671536803245544,
      "ci16": 0.04565990164875985,
      "ci84": 1.0272299480438232,
      "mean": 0.4907676488790632,
      "std": 0.5247789619061994
    }
  },
  "best_params": {
    "mej_1": 0.04779530689120293,
    "vej_1": 0.29406270384788513,
    "temperature_floor_1": 5068.4111328125,
    "mej_2": 0.08375320583581924,
    "vej_2": 0.17695268988609314,
    "kappa_2": 2.1159884929656982,
    "temperature_floor_2": 242.5823211669922,
    "sigma": 0.6538351774215698
  },
  "ppc": {
    "cov68": 0.7604790419161677,
    "cov95": 0.9620758483033932,
    "chi2_reported": 278.81145288347807,
    "chi2_scatter": 1.4717846621654085,
    "dof": 493,
    "space": "magnitude"
  },
  "runtime_s": 1017.4705789238214,
  "wall_s": 1058.684801273048,
  "amortized_s": 0.10422341898083687,
  "n_samples": 10000,
  "aic": 1250.7478845693108,
  "bic": 1284.4807333779897,
  "max_log_likelihood": -617.3739422846554,
  "info": {
    "num_rounds": 1,
    "num_simulations": 25000,
    "total_simulations": 25000,
    "density_estimator": "nsf",
    "embedding_net": null,
    "x_format": "stacked",
    "normalize_x": "asinh",
    "sim_backend": "numpy",
    "scatter_param": "sigma",
    "proposal_mode": "posterior",
    "truncate_quantile": null,
    "space": "magnitude",
    "num_samples": 10000,
    "device": "cuda",
    "seed": 0,
    "num_workers": 24
  }
}