{
  "method": "npe_mdn",
  "label": "NPE-MDN (GPU)",
  "params": [
    "mej_1",
    "vej_1",
    "temperature_floor_1",
    "mej_2",
    "vej_2",
    "kappa_2",
    "temperature_floor_2",
    "sigma"
  ],
  "summary": {
    "mej_1": {
      "median": 0.06026647798717022,
      "ci16": 0.05168463513255119,
      "ci84": 0.06946828335523605,
      "mean": 0.060733227889612315,
      "std": 0.00934217611608621
    },
    "vej_1": {
      "median": 0.28226739168167114,
      "ci16": 0.2568742966651916,
      "ci84": 0.2952867805957794,
      "mean": 0.27598761222064494,
      "std": 0.02215412291964188
    },
    "temperature_floor_1": {
      "median": 902.1513366699219,
      "ci16": 283.2781823730469,
      "ci84": 4198.59625,
      "mean": 1740.180119444586,
      "std": 1685.2731480461603
    },
    "mej_2": {
      "median": 0.079362403601408,
      "ci16": 0.06227780699729919,
      "ci84": 0.09265384882688522,
      "mean": 0.07728213724102825,
      "std": 0.015114950793802599
    },
    "vej_2": {
      "median": 0.19300803542137146,
      "ci16": 0.1336407631635666,
      "ci84": 0.2463549530506134,
      "mean": 0.18990919249728322,
      "std": 0.05369033078078331
    },
    "kappa_2": {
      "median": 2.1357330083847046,
      "ci16": 1.3915916824340822,
      "ci84": 3.284659128189087,
      "mean": 2.501909538042545,
      "std": 1.7397758589349588
    },
    "temperature_floor_2": {
      "median": 3315.1788330078125,
      "ci16": 1475.246484375,
      "ci84": 4043.781953125,
      "mean": 2978.7148262354976,
      "std": 1195.7812853020264
    },
    "sigma": {
      "median": 1.0228219032287598,
      "ci16": 0.5874626183509827,
      "ci84": 1.5137918186187744,
      "mean": 1.0513528265308139,
      "std": 0.47123711470549073
    }
  },
  "best_params": {
    "mej_1": 0.05776594951748848,
    "vej_1": 0.29250556230545044,
    "temperature_floor_1": 5149.650390625,
    "mej_2": 0.09108814597129822,
    "vej_2": 0.23595264554023743,
    "kappa_2": 2.9827747344970703,
    "temperature_floor_2": 1294.80029296875,
    "sigma": 0.8247672915458679
  },
  "ppc": {
    "cov68": 0.9161676646706587,
    "cov95": 0.9660678642714571,
    "chi2_reported": 288.90129607716784,
    "chi2_scatter": 0.9367167534311831,
    "dof": 493,
    "space": "magnitude"
  },
  "runtime_s": 851.9442511983216,
  "wall_s": 894.6130217686296,
  "amortized_s": 0.021500688046216965,
  "n_samples": 10000,
  "aic": 1214.597343341757,
  "bic": 1248.330192150436,
  "max_log_likelihood": -599.2986716708785,
  "info": {
    "num_rounds": 1,
    "num_simulations": 25000,
    "total_simulations": 25000,
    "density_estimator": "mdn",
    "embedding_net": null,
    "x_format": "stacked",
    "normalize_x": "asinh",
    "sim_backend": "numpy",
    "scatter_param": "sigma",
    "proposal_mode": "posterior",
    "truncate_quantile": null,
    "space": "magnitude",
    "num_samples": 10000,
    "device": "cuda",
    "seed": 0,
    "num_workers": 24
  }
}