{
  "flux:abc": {
    "best": {
      "v_kick": 474.91232483701776,
      "M_smbh": 89823540.422431,
      "M_bh": 159.86279543401454,
      "r_bh": 740.8999722659431,
      "redshift": 0.009770686803960024
    },
    "summary": {
      "v_kick": {
        "median": 467.42268039209966,
        "ci16": 398.6685822995454,
        "ci84": 519.5875488366815,
        "mean": 460.26861130405337,
        "std": 67.27026859040085
      },
      "M_smbh": {
        "median": 119088560.11458659,
        "ci16": 70314082.58786283,
        "ci84": 364097374.2787585,
        "mean": 204232384.5395263,
        "std": 199177792.58501625
      },
      "M_bh": {
        "median": 133.36106164649595,
        "ci16": 97.29054310110574,
        "ci84": 153.87082574104664,
        "mean": 126.14267654972612,
        "std": 27.35460566756579
      },
      "r_bh": {
        "median": 982.0053662526354,
        "ci16": 592.4364019532891,
        "ci84": 2196.022986391362,
        "mean": 1307.8519649079913,
        "std": 922.3130483956592
      }
    },
    "aic": 202650.23499837168,
    "max_loglik": -101320.11749918584,
    "n_samples": 450,
    "rms_mag": 2.2301443609220017,
    "ok": true
  },
  "flux:mcmc": {
    "best": {
      "v_kick": 479.29044889535356,
      "M_smbh": 59276782.374060005,
      "M_bh": 159.99883694863968,
      "r_bh": 500.00885843520246,
      "redshift": 0.009740041762072679
    },
    "summary": {
      "v_kick": {
        "median": 478.9642338686265,
        "ci16": 478.44732196802084,
        "ci84": 479.49626164525586,
        "mean": 478.9690513604972,
        "std": 0.5209553117054855
      },
      "M_smbh": {
        "median": 59265129.29974889,
        "ci16": 59161200.229554094,
        "ci84": 59366379.30508999,
        "mean": 59263928.26804835,
        "std": 105879.22259038802
      },
      "M_bh": {
        "median": 159.9890635046326,
        "ci16": 159.97027803972756,
        "ci84": 159.9972738242659,
        "mean": 159.98383289749086,
        "std": 0.0170700867589089
      },
      "r_bh": {
        "median": 500.1757437488369,
        "ci16": 500.0464806037127,
        "ci84": 500.49202472044175,
        "mean": 500.27323140296306,
        "std": 0.31095246622877337
      }
    },
    "aic": 193767.73397031365,
    "max_loglik": -96878.86698515683,
    "n_samples": 11000,
    "rms_mag": 2.1170385068961934,
    "ok": true
  },
  "flux:snpe": {
    "best": {
      "v_kick": 462.37945556640625,
      "M_smbh": 37722760.0,
      "M_bh": 157.5109405517578,
      "r_bh": 309.3956604003906,
      "redshift": 0.009865262545645237
    },
    "summary": {
      "v_kick": {
        "median": 432.9716033935547,
        "ci16": 245.17640930175781,
        "ci84": 624.9011206054687,
        "mean": 436.37075049209597,
        "std": 170.34185510571774
      },
      "M_smbh": {
        "median": 45097404.0,
        "ci16": 14274454.200000003,
        "ci84": 241176677.76,
        "mean": 113524918.50805108,
        "std": 152715978.75100368
      },
      "M_bh": {
        "median": 90.58567428588867,
        "ci16": 55.669532775878906,
        "ci84": 125.34259124755859,
        "mean": 90.47968611955643,
        "std": 32.358629147543915
      },
      "r_bh": {
        "median": 2480.029541015625,
        "ci16": 876.7420703125,
        "ci84": 5276.9206835937475,
        "mean": 3016.741398409471,
        "std": 2259.9058869008213
      }
    },
    "aic": 193545.8348252768,
    "max_loglik": -96767.9174126384,
    "n_samples": 4000,
    "rms_mag": 2.1102007966268137,
    "ok": true
  },
  "magnitude:abc": {
    "best": {
      "v_kick": 364.29045729952855,
      "M_smbh": 116483258.52032302,
      "M_bh": 128.55825238992713,
      "r_bh": 523.7699964501005,
      "redshift": 0.009884372285840451
    },
    "summary": {
      "v_kick": {
        "median": 418.4049835613452,
        "ci16": 224.20086456331558,
        "ci84": 659.9757695794233,
        "mean": 431.245956897297,
        "std": 187.41816866763276
      },
      "M_smbh": {
        "median": 130389669.85560483,
        "ci16": 114078408.1609029,
        "ci84": 147905874.55232257,
        "mean": 131361221.57113503,
        "std": 17269465.335557856
      },
      "M_bh": {
        "median": 95.65706590352607,
        "ci16": 46.049008121691784,
        "ci84": 142.56632124811466,
        "mean": 95.0412477668272,
        "std": 40.88063291306544
      },
      "r_bh": {
        "median": 571.1230035404236,
        "ci16": 518.4079924756433,
        "ci84": 634.8440762781728,
        "mean": 581.3168978493351,
        "std": 63.00831536023514
      }
    },
    "aic": 328548.451354592,
    "max_loglik": -164269.225677296,
    "n_samples": 450,
    "rms_mag": 1.5238193418480082,
    "ok": true
  },
  "magnitude:mcmc": {
    "best": {
      "v_kick": 443.8235305580857,
      "M_smbh": 108173257.76858167,
      "M_bh": 159.99853799684294,
      "r_bh": 500.00012882584366,
      "redshift": 0.009740046586063656
    },
    "summary": {
      "v_kick": {
        "median": 443.8262220150616,
        "ci16": 443.23304419851956,
        "ci84": 607.8012215856132,
        "mean": 488.5933482674174,
        "std": 79.31958029205884
      },
      "M_smbh": {
        "median": 108192587.88529065,
        "ci16": 108120954.48546576,
        "ci84": 607027842.5210218,
        "mean": 214216265.69860992,
        "std": 211975234.31191772
      },
      "M_bh": {
        "median": 159.99206378719447,
        "ci16": 159.92990107412635,
        "ci84": 159.99804457531422,
        "mean": 159.29221112895752,
        "std": 2.822151045277344
      },
      "r_bh": {
        "median": 500.01046039608104,
        "ci16": 500.00223886972975,
        "ci84": 5675.6758272191355,
        "mean": 1580.5902253745267,
        "std": 2163.940584574544
      }
    },
    "aic": 310460.90712819877,
    "max_loglik": -155225.45356409939,
    "n_samples": 11000,
    "rms_mag": 1.472277891879265,
    "ok": true
  },
  "magnitude:snpe": {
    "best": {
      "v_kick": 466.96112060546875,
      "M_smbh": 46015044.0,
      "M_bh": 98.36406707763672,
      "r_bh": 159.1949005126953,
      "redshift": 0.009774408303201199
    },
    "summary": {
      "v_kick": {
        "median": 661.375244140625,
        "ci16": 532.3395581054688,
        "ci84": 757.2438256835937,
        "mean": 644.7374112815857,
        "std": 108.50263629897216
      },
      "M_smbh": {
        "median": 188154984.0,
        "ci16": 103153392.96000001,
        "ci84": 389043562.24,
        "mean": 256908478.2715,
        "std": 224058450.9628679
      },
      "M_bh": {
        "median": 94.19285202026367,
        "ci16": 56.31013793945313,
        "ci84": 132.98875915527344,
        "mean": 93.98271184539794,
        "std": 34.90527318544364
      },
      "r_bh": {
        "median": 739.4271850585938,
        "ci16": 459.608662109375,
        "ci84": 1206.6513037109376,
        "mean": 854.4861986965537,
        "std": 570.6863604674702
      }
    },
    "aic": 236194.5169953288,
    "max_loglik": -118092.2584976644,
    "n_samples": 4000,
    "rms_mag": 1.3388089661257143,
    "ok": true
  }
}