{
  "mock": "bazin_sn",
  "sampler": "abc_smc",
  "label": "ABC-SMC",
  "L": 60,
  "runtime_s": 530.356033038348,
  "diagnostics": {
    "amplitude": {
      "n_realizations": 60,
      "M": 748,
      "n_bins": 20,
      "counts": [
        0,
        0,
        1,
        0,
        3,
        2,
        2,
        4,
        3,
        1,
        4,
        6,
        5,
        9,
        4,
        5,
        3,
        3,
        2,
        3
      ],
      "expected": 3.0,
      "chi2": 31.333333333333332,
      "uniformity_p": 0.037098072613153336,
      "frac_ranks": [
        0.14304812834224598,
        0.21390374331550802,
        0.22994652406417113,
        0.24732620320855614,
        0.2580213903743315,
        0.27941176470588236,
        0.303475935828877,
        0.3235294117647059,
        0.3649732620320856,
        0.3810160427807487,
        0.39705882352941174,
        0.3983957219251337,
        0.40240641711229946,
        0.42379679144385024,
        0.446524064171123,
        0.46657754010695185,
        0.5106951871657754,
        0.517379679144385,
        0.5454545454545454,
        0.5481283422459893,
        0.553475935828877,
        0.5561497326203209,
        0.5561497326203209,
        0.5735294117647058,
        0.5882352941176471,
        0.5909090909090909,
        0.6029411764705882,
        0.6029411764705882,
        0.6296791443850267,
        0.6310160427807486,
        0.6403743315508021,
        0.6577540106951871,
        0.660427807486631,
        0.6631016042780749,
        0.6644385026737968,
        0.6751336898395722,
        0.6751336898395722,
        0.6778074866310161,
        0.6951871657754011,
        0.6978609625668449,
        0.7165775401069518,
        0.733957219251337,
        0.7433155080213903,
        0.75,
        0.7526737967914439,
        0.7633689839572193,
        0.7647058823529411,
        0.7767379679144385,
        0.7807486631016043,
        0.8088235294117647,
        0.8168449197860963,
        0.8328877005347594,
        0.8582887700534759,
        0.8703208556149733,
        0.8957219251336899,
        0.9077540106951871,
        0.9318181818181818,
        0.9545454545454546,
        0.9959893048128342,
        1.0
      ],
      "ecdf": [
        0.016666666666666666,
        0.03333333333333333,
        0.05,
        0.06666666666666667,
        0.08333333333333333,
        0.1,
        0.11666666666666667,
        0.13333333333333333,
        0.15,
        0.16666666666666666,
        0.18333333333333332,
        0.2,
        0.21666666666666667,
        0.23333333333333334,
        0.25,
        0.26666666666666666,
        0.2833333333333333,
        0.3,
        0.31666666666666665,
        0.3333333333333333,
        0.35,
        0.36666666666666664,
        0.38333333333333336,
        0.4,
        0.4166666666666667,
        0.43333333333333335,
        0.45,
        0.4666666666666667,
        0.48333333333333334,
        0.5,
        0.5166666666666667,
        0.5333333333333333,
        0.55,
        0.5666666666666667,
        0.5833333333333334,
        0.6,
        0.6166666666666667,
        0.6333333333333333,
        0.65,
        0.6666666666666666,
        0.6833333333333333,
        0.7,
        0.7166666666666667,
        0.7333333333333333,
        0.75,
        0.7666666666666667,
        0.7833333333333333,
        0.8,
        0.8166666666666667,
        0.8333333333333334,
        0.85,
        0.8666666666666667,
        0.8833333333333333,
        0.9,
        0.9166666666666666,
        0.9333333333333333,
        0.95,
        0.9666666666666667,
        0.9833333333333333,
        1.0
      ]
    },
    "t0": {
      "n_realizations": 60,
      "M": 768,
      "n_bins": 20,
      "counts": [
        0,
        1,
        0,
        0,
        1,
        4,
        5,
        4,
        5,
        4,
        8,
        5,
        5,
        6,
        2,
        3,
        0,
        2,
        4,
        1
      ],
      "expected": 3.0,
      "chi2": 34.66666666666668,
      "uniformity_p": 0.015314534738673688,
      "frac_ranks": [
        0.08984375,
        0.2421875,
        0.25,
        0.2747395833333333,
        0.2786458333333333,
        0.2825520833333333,
        0.3020833333333333,
        0.3255208333333333,
        0.328125,
        0.3307291666666667,
        0.33203125,
        0.35546875,
        0.3723958333333333,
        0.3736979166666667,
        0.37890625,
        0.40234375,
        0.4153645833333333,
        0.4166666666666667,
        0.4322916666666667,
        0.44140625,
        0.453125,
        0.453125,
        0.4713541666666667,
        0.4973958333333333,
        0.515625,
        0.5169270833333334,
        0.5247395833333334,
        0.5247395833333334,
        0.52734375,
        0.5286458333333334,
        0.546875,
        0.546875,
        0.5572916666666666,
        0.5625,
        0.58203125,
        0.58203125,
        0.5885416666666666,
        0.6028645833333334,
        0.6028645833333334,
        0.6276041666666666,
        0.6315104166666666,
        0.6315104166666666,
        0.6510416666666666,
        0.6692708333333334,
        0.6692708333333334,
        0.67578125,
        0.6783854166666666,
        0.68359375,
        0.7083333333333334,
        0.7161458333333334,
        0.78125,
        0.7877604166666666,
        0.7916666666666666,
        0.85546875,
        0.86328125,
        0.9010416666666666,
        0.9140625,
        0.9375,
        0.9388020833333334,
        1.0
      ],
      "ecdf": [
        0.016666666666666666,
        0.03333333333333333,
        0.05,
        0.06666666666666667,
        0.08333333333333333,
        0.1,
        0.11666666666666667,
        0.13333333333333333,
        0.15,
        0.16666666666666666,
        0.18333333333333332,
        0.2,
        0.21666666666666667,
        0.23333333333333334,
        0.25,
        0.26666666666666666,
        0.2833333333333333,
        0.3,
        0.31666666666666665,
        0.3333333333333333,
        0.35,
        0.36666666666666664,
        0.38333333333333336,
        0.4,
        0.4166666666666667,
        0.43333333333333335,
        0.45,
        0.4666666666666667,
        0.48333333333333334,
        0.5,
        0.5166666666666667,
        0.5333333333333333,
        0.55,
        0.5666666666666667,
        0.5833333333333334,
        0.6,
        0.6166666666666667,
        0.6333333333333333,
        0.65,
        0.6666666666666666,
        0.6833333333333333,
        0.7,
        0.7166666666666667,
        0.7333333333333333,
        0.75,
        0.7666666666666667,
        0.7833333333333333,
        0.8,
        0.8166666666666667,
        0.8333333333333334,
        0.85,
        0.8666666666666667,
        0.8833333333333333,
        0.9,
        0.9166666666666666,
        0.9333333333333333,
        0.95,
        0.9666666666666667,
        0.9833333333333333,
        1.0
      ]
    },
    "tau_rise": {
      "n_realizations": 60,
      "M": 800,
      "n_bins": 20,
      "counts": [
        0,
        0,
        1,
        3,
        2,
        8,
        2,
        2,
        10,
        8,
        9,
        5,
        2,
        4,
        1,
        0,
        1,
        0,
        1,
        1
      ],
      "expected": 3.0,
      "chi2": 66.66666666666666,
      "uniformity_p": 3.264483439258081e-07,