{
  "mock": "gp2",
  "sampler": "abc_smc",
  "label": "ABC-SMC",
  "params": [
    "A1",
    "mu1"
  ],
  "truth": {
    "A1": 3.3,
    "mu1": 12.0
  },
  "recovery": {
    "A1": {
      "true": 3.3,
      "median": 3.342217348976404,
      "mean": 3.344261938105265,
      "std": 0.09903598121057723,
      "ci68": [
        3.239853721931732,
        3.4427395592903762
      ],
      "ci95": [
        3.165569820882991,
        3.540959808565504
      ],
      "bias": 0.04221734897640417,
      "z_score": 0.426282937376454,
      "within_68": true,
      "within_95": true
    },
    "mu1": {
      "true": 12.0,
      "median": 11.989451107922786,
      "mean": 11.986918377953042,
      "std": 0.06301237398873265,
      "ci68": [
        11.923212716378595,
        12.049302332980705
      ],
      "ci95": [
        11.86095259367121,
        12.112735876545896
      ],
      "bias": -0.010548892077213878,
      "z_score": -0.16740984999390984,
      "within_68": true,
      "within_95": true
    },
    "_summary": {
      "max_abs_z": 0.426282937376454,
      "rms_z": 0.32383884925474987,
      "coverage68": 1.0,
      "coverage95": 1.0,
      "n_params": 2
    }
  },
  "ppc": {
    "reduced_chi2": 0.9087152096118292,
    "coverage68": 0.7,
    "coverage95": 0.9888888888888889,
    "bayesian_p_value": 0.5375,
    "dof": 88
  },
  "runtime_s": 21.324570953845978,
  "wall_s": 21.38767273724079,
  "n_samples": 1500,
  "amortized_s": null,
  "aic": -92.10572285677664,
  "bic": -87.10610351611611,
  "waic": -76.45398523987896,
  "info": {
    "total_simulations": 361600,
    "simulate_noise": true
  }
}