{
  "mock": "gp6",
  "sampler": "abc_smc",
  "label": "ABC-SMC",
  "params": [
    "A1",
    "mu1",
    "A2",
    "mu2",
    "A3",
    "mu3"
  ],
  "truth": {
    "A1": 3.3,
    "mu1": 6.666666666666666,
    "A2": 4.6,
    "mu2": 12.0,
    "A3": 5.9,
    "mu3": 17.333333333333332
  },
  "recovery": {
    "A1": {
      "true": 3.3,
      "median": 3.2472323134297847,
      "mean": 3.2502450905592384,
      "std": 0.31321873876552914,
      "ci68": [
        2.9108927324544744,
        3.5923614567491855
      ],
      "ci95": [
        2.676277708366085,
        3.838142108603664
      ],
      "bias": -0.05276768657021513,
      "z_score": -0.16846912409578482,
      "within_68": true,
      "within_95": true
    },
    "mu1": {
      "true": 6.666666666666666,
      "median": 6.639718262371456,
      "mean": 6.643616007387636,
      "std": 0.20999885741706997,
      "ci68": [
        6.420246740275112,
        6.871041367638137
      ],
      "ci95": [
        6.269171558136335,
        7.030661455103301
      ],
      "bias": -0.026948404295209727,
      "z_score": -0.12832643294667373,
      "within_68": true,
      "within_95": true
    },
    "A2": {
      "true": 4.6,
      "median": 4.6355780622124225,
      "mean": 4.640353847292251,
      "std": 0.31266515867501116,
      "ci68": [
        4.332186244663601,
        4.959167612170736
      ],
      "ci95": [
        4.043797642168344,
        5.212120255571098
      ],
      "bias": 0.03557806221242288,
      "z_score": 0.11378966036124047,
      "within_68": true,
      "within_95": true
    },
    "mu2": {
      "true": 12.0,
      "median": 11.984626303269934,
      "mean": 11.987270601311556,
      "std": 0.1508580183593344,
      "ci68": [
        11.835118940527844,
        12.143337555792371
      ],
      "ci95": [
        11.701714979258057,
        12.273235193040941
      ],
      "bias": -0.015373696730065944,
      "z_score": -0.10190838310925414,
      "within_68": true,
      "within_95": true
    },
    "A3": {
      "true": 5.9,
      "median": 5.878666221197621,
      "mean": 5.88702605030663,
      "std": 0.31178590877372847,
      "ci68": [
        5.567964769807199,
        6.207761765145015
      ],
      "ci95": [
        5.318573152168858,
        6.4885226274686865
      ],
      "bias": -0.0213337788023793,
      "z_score": -0.06842444832188296,
      "within_68": true,
      "within_95": true
    },
    "mu3": {
      "true": 17.333333333333332,
      "median": 17.328284135897153,
      "mean": 17.318813555684592,
      "std": 0.11712141911970399,
      "ci68": [
        17.192597546324926,
        17.43892583518307
      ],
      "ci95": [
        17.09374460348521,
        17.538696869499855
      ],
      "bias": -0.005049197436179043,
      "z_score": -0.043110794542358714,
      "within_68": true,
      "within_95": true
    },
    "_summary": {
      "max_abs_z": 0.16846912409578482,
      "rms_z": 0.11159702075900485,
      "coverage68": 1.0,
      "coverage95": 1.0,
      "n_params": 6
    }
  },
  "ppc": {
    "reduced_chi2": 1.1961331671171993,
    "coverage68": 0.9,
    "coverage95": 0.9888888888888889,
    "bayesian_p_value": 0.0,
    "dof": 84
  },
  "runtime_s": 25.9169204197824,
  "wall_s": 26.020226575434208,
  "n_samples": 1500,
  "amortized_s": null,
  "aic": -63.597475264772854,
  "bic": -48.59861724279126,
  "waic": 1179.5671573950415,
  "info": {
    "total_simulations": 364800,
    "simulate_noise": true
  }
}