{
  "mock": "damped_sine",
  "sampler": "npe",
  "label": "NPE (GPU)",
  "params": [
    "A",
    "tau",
    "freq",
    "phase"
  ],
  "truth": {
    "A": 5.0,
    "tau": 10.0,
    "freq": 0.07,
    "phase": 1.0
  },
  "recovery": {
    "A": {
      "true": 5.0,
      "median": 5.262361288070679,
      "mean": 5.287592191278934,
      "std": 0.2587324533543682,
      "ci68": [
        5.039358310699463,
        5.53226490020752
      ],
      "ci95": [
        4.8411530494689945,
        5.87653489112854
      ],
      "bias": 0.2623612880706787,
      "z_score": 1.0140254331038263,
      "within_68": false,
      "within_95": true
    },
    "tau": {
      "true": 10.0,
      "median": 9.27051305770874,
      "mean": 9.295108054995536,
      "std": 0.6885573267662067,
      "ci68": [
        8.613162269592285,
        9.962052574157715
      ],
      "ci95": [
        8.042981147766113,
        10.73100528717041
      ],
      "bias": -0.7294869422912598,
      "z_score": -1.0594425677194925,
      "within_68": false,
      "within_95": true
    },
    "freq": {
      "true": 0.07,
      "median": 0.06708521768450737,
      "mean": 0.06695622163824737,
      "std": 0.004210743270886547,
      "ci68": [
        0.06345832169055939,
        0.07061012923717498
      ],
      "ci95": [
        0.05815166914835573,
        0.07443026322871446
      ],
      "bias": -0.0029147823154926367,
      "z_score": -0.69222513175897,
      "within_68": true,
      "within_95": true
    },
    "phase": {
      "true": 1.0,
      "median": 0.9470056593418121,
      "mean": 0.9514997641593218,
      "std": 0.16240686565286125,
      "ci68": [
        0.7931857013702392,
        1.1099318122863768
      ],
      "ci95": [
        0.6430036827921868,
        1.2835174202919006
      ],
      "bias": -0.052994340658187866,
      "z_score": -0.32630603666387686,
      "within_68": true,
      "within_95": true
    },
    "_summary": {
      "max_abs_z": 1.0594425677194925,
      "rms_z": 0.8270908952284937,
      "coverage68": 0.5,
      "coverage95": 1.0,
      "n_params": 4
    }
  },
  "ppc": {
    "reduced_chi2": 1.2871713258132444,
    "coverage68": 0.61,
    "coverage95": 0.95,
    "bayesian_p_value": 0.0,
    "dof": 96
  },
  "runtime_s": 287.3195733204484,
  "wall_s": 299.1423244141042,
  "n_samples": 8000,
  "aic": -64.06784305817031,
  "bic": -53.64716231421795,
  "waic": 22787.05494760708,
  "info": {
    "device": "cuda"
  }
}