{
  "mock": "damped_sine",
  "sampler": "mcmc",
  "label": "MCMC",
  "L": 100,
  "runtime_s": 415.25983540713787,
  "diagnostics": {
    "A": {
      "n_realizations": 100,
      "M": 9946,
      "n_bins": 20,
      "counts": [
        4,
        6,
        11,
        6,
        0,
        5,
        6,
        6,
        3,
        6,
        5,
        1,
        5,
        2,
        4,
        7,
        8,
        8,
        4,
        3
      ],
      "expected": 5.0,
      "chi2": 24.800000000000004,
      "uniformity_p": 0.16723133350059957,
      "frac_ranks": [
        0.02171727327568872,
        0.02221998793484818,
        0.037703599436959584,
        0.04051880152825257,
        0.051980695757088274,
        0.06786647898652724,
        0.0916951538306857,
        0.09632012869495274,
        0.09802935853609492,
        0.09863261612708626,
        0.10094510355921979,
        0.10758093706012467,
        0.10798310878745224,
        0.1151216569475166,
        0.11723305851598632,
        0.11914337422079228,
        0.11974663181178363,
        0.1330182988135934,
        0.13352101347275286,
        0.13975467524633017,
        0.1485019103157048,
        0.1628795495676654,
        0.16438769354514376,
        0.16961592600040218,
        0.17856424693344058,
        0.1821837924793887,
        0.1924391715262417,
        0.26372411019505326,
        0.2754876332193847,
        0.2813191232656344,
        0.285441383470742,
        0.29378644681278904,
        0.30313693947315506,
        0.30534888397345666,
        0.30554996983712046,
        0.33149004624974865,
        0.33822642268248543,
        0.3411421677056103,
        0.3569274080032174,
        0.35833500904886384,
        0.3594409812990147,
        0.3718077619143374,
        0.38950331791675047,
        0.39332394932636233,
        0.4040820430323748,
        0.4053891011461894,
        0.4480193042429117,
        0.46209531469937665,
        0.46340237281319124,
        0.4708425497687513,
        0.4866277900663583,
        0.4913533078624573,
        0.4975869696360346,
        0.5084456062738789,
        0.5138749245928012,
        0.5150814397747838,
        0.517695556002413,
        0.5493665795294591,
        0.5691735371003418,
        0.6008445606273879,
        0.6018499899457068,
        0.6019505328775387,
        0.6332193846772571,
        0.6440780213151015,
        0.679971847979087,
        0.6962598029358537,
        0.7057108385280515,
        0.7067162678463704,
        0.7094309270058314,
        0.7305449426905288,
        0.7550774180575106,
        0.7552785039211743,
        0.7594007641262819,
        0.7750854614920571,
        0.7904685300623366,
        0.7922783028353106,
        0.794791876131108,
        0.8053488839734567,
        0.8177156645887794,
        0.8211341242710637,
        0.8220390106575508,
        0.8305851598632616,
        0.8373215362959984,
        0.8381258797506536,
        0.8394329378644682,
        0.8521013472752865,
        0.8653730142770963,
        0.8685903880957169,
        0.8734164488236477,
        0.8746229640056304,
        0.8797506535290569,
        0.8808566257792078,
        0.8932234063945305,
        0.9167504524431932,
        0.9200683691936457,
        0.9219786848984516,
        0.9220792278302835,
        0.9657148602453247,
        0.9963804544540519,
        1.0
      ],
      "ecdf": [
        0.01,
        0.02,
        0.03,
        0.04,
        0.05,
        0.06,
        0.07,
        0.08,
        0.09,
        0.1,
        0.11,
        0.12,
        0.13,
        0.14,
        0.15,
        0.16,
        0.17,
        0.18,
        0.19,
        0.2,
        0.21,
        0.22,
        0.23,
        0.24,
        0.25,
        0.26,
        0.27,
        0.28,
        0.29,
        0.3,
        0.31,
        0.32,
        0.33,
        0.34,
        0.35,
        0.36,
        0.37,
        0.38,
        0.39,
        0.4,
        0.41,
        0.42,
        0.43,
        0.44,
        0.45,
        0.46,
        0.47,
        0.48,
        0.49,
        0.5,
        0.51,
        0.52,
        0.53,
        0.54,
        0.55,
        0.56,
        0.57,
        0.58,
        0.59,
        0.6,
        0.61,
        0.62,
        0.63,
        0.64,
        0.65,
        0.66,
        0.67,
        0.68,
        0.69,
        0.7,
        0.71,
        0.72,
        0.73,
        0.74,
        0.75,
        0.76,
        0.77,
        0.78,
        0.79,
        0.8,
        0.81,
        0.82,
        0.83,
        0.84,
        0.85,
        0.86,
        0.87,
        0.88,
        0.89,
        0.9,
        0.91,
        0.92,
        0.93,
        0.94,
        0.95,
        0.96,
        0.97,
        0.98,
        0.99,
        1.0
      ]
    },
    "tau": {
      "n_realizations": 100,
      "M": 10087,
      "n_bins": 20,
      "counts": [
        5,
        2,
        9,
        3,
        6,
        6,
        4,
        3,
        6,
        9,
        4,
        2,
        4,
        5,
        4,
        7,
        4,
        3,
        7,
        7
      ],
      "expected": 5.0,
      "chi2": 16.4,
      "uniformity_p": 0.6304454234443011,