{
  "mock": "gp6",
  "sampler": "npe",
  "label": "NPE (GPU)",
  "params": [
    "A1",
    "mu1",
    "A2",
    "mu2",
    "A3",
    "mu3"
  ],
  "truth": {
    "A1": 3.3,
    "mu1": 6.666666666666666,
    "A2": 4.6,
    "mu2": 12.0,
    "A3": 5.9,
    "mu3": 17.333333333333332
  },
  "recovery": {
    "A1": {
      "true": 3.3,
      "median": 3.3318926095962524,
      "mean": 3.332737564086914,
      "std": 0.10123751310776793,
      "ci68": [
        3.232449827194214,
        3.4329917335510256
      ],
      "ci95": [
        3.1356790363788605,
        3.5336921870708466
      ],
      "bias": 0.03189260959625262,
      "z_score": 0.31502758826466576,
      "within_68": true,
      "within_95": true
    },
    "mu1": {
      "true": 6.666666666666666,
      "median": 6.631030797958374,
      "mean": 6.631373165607452,
      "std": 0.04513795329781046,
      "ci68": [
        6.585903415679931,
        6.676808853149414
      ],
      "ci95": [
        6.545910334587097,
        6.720645344257354
      ],
      "bias": -0.03563586870829205,
      "z_score": -0.7894879165914833,
      "within_68": true,
      "within_95": true
    },
    "A2": {
      "true": 4.6,
      "median": 4.51986026763916,
      "mean": 4.518756127198537,
      "std": 0.22209589800700716,
      "ci68": [
        4.292091979980468,
        4.740566024780273
      ],
      "ci95": [
        4.082732713222503,
        4.952539789676666
      ],
      "bias": -0.08013973236083949,
      "z_score": -0.36083391489882927,
      "within_68": true,
      "within_95": true
    },
    "mu2": {
      "true": 12.0,
      "median": 12.001001834869385,
      "mean": 12.000392259597778,
      "std": 0.037271951642093855,
      "ci68": [
        11.963059310913087,
        12.03691074371338
      ],
      "ci95": [
        11.926584196090698,
        12.073033976554871
      ],
      "bias": 0.0010018348693847656,
      "z_score": 0.026879055838152636,
      "within_68": true,
      "within_95": true
    },
    "A3": {
      "true": 5.9,
      "median": 5.85755467414856,
      "mean": 5.859533536990484,
      "std": 0.08357477357887638,
      "ci68": [
        5.777947292327881,
        5.941128406524658
      ],
      "ci95": [
        5.695203447341919,
        6.026903581619263
      ],
      "bias": -0.042445325851440785,
      "z_score": -0.5078724599999263,
      "within_68": true,
      "within_95": true
    },
    "mu3": {
      "true": 17.333333333333332,
      "median": 17.322092056274414,
      "mean": 17.321961194356284,
      "std": 0.026131956141199158,
      "ci68": [
        17.295647430419923,
        17.347528686523436
      ],
      "ci95": [
        17.27081232070923,
        17.37434310913086
      ],
      "bias": -0.011241277058918087,
      "z_score": -0.4301735774458651,
      "within_68": true,
      "within_95": true
    },
    "_summary": {
      "max_abs_z": 0.7894879165914833,
      "rms_z": 0.46483704885954913,
      "coverage68": 1.0,
      "coverage95": 1.0,
      "n_params": 6
    }
  },
  "ppc": {
    "reduced_chi2": 0.9444451755478428,
    "coverage68": 0.7222222222222222,
    "coverage95": 0.9888888888888889,
    "bayesian_p_value": 0.24,
    "dof": 84
  },
  "runtime_s": 117.92347341403365,
  "wall_s": 129.335345659405,
  "n_samples": 6000,
  "aic": -84.7392665565988,
  "bic": -69.74040853461722,
  "waic": 40.8426183573404,
  "info": {
    "device": "cuda"
  }
}