{
  "mock": "gp4",
  "sampler": "abc_smc",
  "label": "ABC-SMC",
  "params": [
    "A1",
    "mu1",
    "A2",
    "mu2"
  ],
  "truth": {
    "A1": 3.3,
    "mu1": 8.0,
    "A2": 4.6,
    "mu2": 16.0
  },
  "recovery": {
    "A1": {
      "true": 3.3,
      "median": 3.292794047822789,
      "mean": 3.292811241766962,
      "std": 0.1610074226470071,
      "ci68": [
        3.121312243550219,
        3.458067222158032
      ],
      "ci95": [
        2.9927704976487677,
        3.6012334554323666
      ],
      "bias": -0.0072059521772107615,
      "z_score": -0.04475540356303387,
      "within_68": true,
      "within_95": true
    },
    "mu1": {
      "true": 8.0,
      "median": 8.02898061770015,
      "mean": 8.02973909016886,
      "std": 0.10403348752417022,
      "ci68": [
        7.924998148523031,
        8.139094032114931
      ],
      "ci95": [
        7.824798800898791,
        8.223582704453808
      ],
      "bias": 0.02898061770014948,
      "z_score": 0.2785700872847926,
      "within_68": true,
      "within_95": true
    },
    "A2": {
      "true": 4.6,
      "median": 4.599840155342519,
      "mean": 4.604722568336299,
      "std": 0.14918306845685378,
      "ci68": [
        4.454089187302813,
        4.761503914485168
      ],
      "ci95": [
        4.322287937860146,
        4.886316137891129
      ],
      "bias": -0.00015984465748086762,
      "z_score": -0.0010714664816476632,
      "within_68": true,
      "within_95": true
    },
    "mu2": {
      "true": 16.0,
      "median": 16.00575145488913,
      "mean": 16.005667059650328,
      "std": 0.07439983702801715,
      "ci68": [
        15.926410200507965,
        16.07844171052065
      ],
      "ci95": [
        15.86557622774006,
        16.151773518245626
      ],
      "bias": 0.005751454889129093,
      "z_score": 0.07730467053258781,
      "within_68": true,
      "within_95": true
    },
    "_summary": {
      "max_abs_z": 0.2785700872847926,
      "rms_z": 0.14627157943746302,
      "coverage68": 1.0,
      "coverage95": 1.0,
      "n_params": 4
    }
  },
  "ppc": {
    "reduced_chi2": 0.9365683631995505,
    "coverage68": 0.7444444444444445,
    "coverage95": 0.9777777777777777,
    "bayesian_p_value": 0.0875,
    "dof": 86
  },
  "runtime_s": 14.343036103993654,
  "wall_s": 14.414241399616003,
  "n_samples": 1500,
  "amortized_s": null,
  "aic": -87.52778206745626,
  "bic": -77.5285433861352,
  "waic": 23.568745561421043,
  "info": {
    "total_simulations": 201600,
    "simulate_noise": true
  }
}