{
  "mock": "bazin_sn",
  "sampler": "abc",
  "label": "ABC",
  "L": 100,
  "runtime_s": 343.55536491051316,
  "diagnostics": {
    "amplitude": {
      "n_realizations": 100,
      "M": 290,
      "n_bins": 20,
      "counts": [
        0,
        0,
        1,
        3,
        5,
        7,
        3,
        4,
        7,
        2,
        10,
        12,
        10,
        4,
        7,
        11,
        4,
        3,
        4,
        3
      ],
      "expected": 5.0,
      "chi2": 48.4,
      "uniformity_p": 0.0002245083130976533,
      "frac_ranks": [
        0.12758620689655173,
        0.16206896551724137,
        0.18620689655172415,
        0.19655172413793104,
        0.23103448275862068,
        0.23448275862068965,
        0.23793103448275862,
        0.23793103448275862,
        0.2413793103448276,
        0.25517241379310346,
        0.25517241379310346,
        0.25862068965517243,
        0.25862068965517243,
        0.2620689655172414,
        0.2827586206896552,
        0.296551724137931,
        0.3,
        0.3275862068965517,
        0.3482758620689655,
        0.3620689655172414,
        0.38275862068965516,
        0.38620689655172413,
        0.3896551724137931,
        0.41379310344827586,
        0.41379310344827586,
        0.41724137931034483,
        0.42758620689655175,
        0.43103448275862066,
        0.4413793103448276,
        0.44482758620689655,
        0.4862068965517241,
        0.49310344827586206,
        0.5,
        0.503448275862069,
        0.506896551724138,
        0.506896551724138,
        0.5103448275862069,
        0.5137931034482759,
        0.5172413793103449,
        0.5172413793103449,
        0.5206896551724138,
        0.5379310344827586,
        0.5517241379310345,
        0.5586206896551724,
        0.5620689655172414,
        0.5655172413793104,
        0.5862068965517241,
        0.5862068965517241,
        0.5862068965517241,
        0.5896551724137931,
        0.593103448275862,
        0.596551724137931,
        0.6,
        0.6,
        0.603448275862069,
        0.6068965517241379,
        0.6103448275862069,
        0.6103448275862069,
        0.6137931034482759,
        0.6137931034482759,
        0.6172413793103448,
        0.6344827586206897,
        0.6448275862068965,
        0.6482758620689655,
        0.6517241379310345,
        0.6551724137931034,
        0.6862068965517242,
        0.6862068965517242,
        0.7103448275862069,
        0.7172413793103448,
        0.7206896551724138,
        0.7275862068965517,
        0.7310344827586207,
        0.7344827586206897,
        0.7413793103448276,
        0.7620689655172413,
        0.7620689655172413,
        0.7655172413793103,
        0.7655172413793103,
        0.7655172413793103,
        0.7689655172413793,
        0.7793103448275862,
        0.7896551724137931,
        0.7896551724137931,
        0.7965517241379311,
        0.8,
        0.8068965517241379,
        0.8103448275862069,
        0.8275862068965517,
        0.8344827586206897,
        0.8551724137931035,
        0.8586206896551725,
        0.8758620689655172,
        0.9103448275862069,
        0.9137931034482759,
        0.9310344827586207,
        0.9448275862068966,
        0.9517241379310345,
        0.9655172413793104,
        1.0
      ],
      "ecdf": [
        0.01,
        0.02,
        0.03,
        0.04,
        0.05,
        0.06,
        0.07,
        0.08,
        0.09,
        0.1,
        0.11,
        0.12,
        0.13,
        0.14,
        0.15,
        0.16,
        0.17,
        0.18,
        0.19,
        0.2,
        0.21,
        0.22,
        0.23,
        0.24,
        0.25,
        0.26,
        0.27,
        0.28,
        0.29,
        0.3,
        0.31,
        0.32,
        0.33,
        0.34,
        0.35,
        0.36,
        0.37,
        0.38,
        0.39,
        0.4,
        0.41,
        0.42,
        0.43,
        0.44,
        0.45,
        0.46,
        0.47,
        0.48,
        0.49,
        0.5,
        0.51,
        0.52,
        0.53,
        0.54,
        0.55,
        0.56,
        0.57,
        0.58,
        0.59,
        0.6,
        0.61,
        0.62,
        0.63,
        0.64,
        0.65,
        0.66,
        0.67,
        0.68,
        0.69,
        0.7,
        0.71,
        0.72,
        0.73,
        0.74,
        0.75,
        0.76,
        0.77,
        0.78,
        0.79,
        0.8,
        0.81,
        0.82,
        0.83,
        0.84,
        0.85,
        0.86,
        0.87,
        0.88,
        0.89,
        0.9,
        0.91,
        0.92,
        0.93,
        0.94,
        0.95,
        0.96,
        0.97,
        0.98,
        0.99,
        1.0
      ]
    },
    "t0": {
      "n_realizations": 100,
      "M": 291,
      "n_bins": 20,
      "counts": [
        2,
        0,
        0,
        0,
        3,
        11,
        8,
        6,
        5,
        11,
        5,
        15,
        6,
        8,
        1,
        3,
        6,
        6,
        3,
        1
      ],
      "expected": 5.0,
      "chi2": 64.4,
      "uniformity_p": 7.639922548805245e-07,
      "frac_ranks": [
        0.041237113402061855,
        0.044673539518900345,
        0.19931271477663232,
        0.20618556701030927,
        0.24742268041237114,
        0.25773195876288657,
        0.25773195876288657,
        0.25773195876288657,
        0.27147766323024053,
        0.27147766323024053,
        0.27491408934707906,
        0.281786941580756,
        0.28865979381443296,
        0.28865979381443296,
        0.2920962199312715,
        0.29896907216494845,
        0.3024054982817869,
        0.30927835051546393,
        0.3161512027491409,
        0.3230240549828179,
        0.3230240549828179,
        0.3230240549828179,
        0.33676975945017185,
        0.3402061855670103,
        0.3745704467353952,
        0.37800687285223367,
        0.37800687285223367,
        0.3848797250859107,
        0.3917525773195876,
        0.39862542955326463,
        0.40893470790378006,
        0.41924398625429554,
        0.4261168384879725,
        0.4261168384879725,
        0.42955326460481097,
        0.45017182130584193,
        0.45017182130584193,
        0.46048109965635736,
        0.46735395189003437,
        0.46735395189003437,
        0.47079037800687284,
        0.47079037800687284,
        0.47766323024054985,
        0.48109965635738833,
        0.48109965635738833,
        0.49140893470790376,
        0.5051546391752577,
        0.5085910652920962,
        0.5085910652920962,
        0.5154639175257731,
        0.5498281786941581,
        0.5532646048109966,
        0.5532646048109966,
        0.5567010309278351,
        0.5567010309278351,
        0.5567010309278351,
        0.5601374570446735,
        0.563573883161512,
        0.563573883161512,
        0.5738831615120275,
        0.5773195876288659,
        0.5773195876288659,
        0.584192439862543,
        0.584192439862543,
        0.5979381443298969,
        0.5979381443298969,
        0.6013745704467354,
        0.6048109965635738,
        0.6082474226804123,
        0.6460481099656358,
        0.6460481099656358,
        0.6494845360824743,
        0.6529209621993127,
        0.6529209621993127,
        0.6597938144329897,
        0.6632302405498282,
        0.6666666666666666,
        0.6735395189003437,
        0.6769759450171822,
        0.6941580756013745,
        0.7044673539518901,
        0.7560137457044673,
        0.7766323024054983,
        0.7903780068728522,
        0.8109965635738832,
        0.8281786941580757,
        0.8350515463917526,
        0.8350515463917526,
        0.8384879725085911,
        0.8487972508591065,
        0.8694158075601375,
        0.8694158075601375,
        0.8797250859106529,
        0.8900343642611683,
        0.8934707903780069,
        0.8934707903780069,
        0.9278350515463918,
        0.9347079037800687,
        0.9381443298969072,
        1.0
      ],