{
  "mock": "bazin_sn",
  "sampler": "abc_smc",
  "label": "ABC-SMC",
  "params": [
    "amplitude",
    "t0",
    "tau_rise",
    "tau_fall"
  ],
  "truth": {
    "amplitude": 5.0,
    "t0": 20.0,
    "tau_rise": 4.0,
    "tau_fall": 25.0
  },
  "recovery": {
    "amplitude": {
      "true": 5.0,
      "median": 4.9457710874343634,
      "mean": 4.945284742013601,
      "std": 0.30434630143259217,
      "ci68": [
        4.624910453566954,
        5.261132054590533
      ],
      "ci95": [
        4.402020484708135,
        5.547502347381622
      ],
      "bias": -0.054228912565636556,
      "z_score": -0.17818160533042454,
      "within_68": true,
      "within_95": true
    },
    "t0": {
      "true": 20.0,
      "median": 19.932773313289076,
      "mean": 20.025275919300842,
      "std": 1.0763124768508283,
      "ci68": [
        18.935565774395204,
        21.151044419841732
      ],
      "ci95": [
        18.063648982517314,
        22.212571997568222
      ],
      "bias": -0.06722668671092435,
      "z_score": -0.062460194559503975,
      "within_68": true,
      "within_95": true
    },
    "tau_rise": {
      "true": 4.0,
      "median": 3.976253404507916,
      "mean": 3.958001947985519,
      "std": 0.4703723147277094,
      "ci68": [
        3.4639037979666,
        4.449112342450364
      ],
      "ci95": [
        3.0331419365949106,
        4.834667250549332
      ],
      "bias": -0.023746595492084133,
      "z_score": -0.05048467936687693,
      "within_68": true,
      "within_95": true
    },
    "tau_fall": {
      "true": 25.0,
      "median": 26.02112096694183,
      "mean": 26.108083042334847,
      "std": 2.6240870208847995,
      "ci68": [
        23.291961278694316,
        28.86278725207701
      ],
      "ci95": [
        21.554885572778222,
        31.243049058751776
      ],
      "bias": 1.0211209669418295,
      "z_score": 0.38913380494429034,
      "within_68": true,
      "within_95": true
    },
    "_summary": {
      "max_abs_z": 0.38913380494429034,
      "rms_z": 0.2177290640817939,
      "coverage68": 1.0,
      "coverage95": 1.0,
      "n_params": 4
    }
  },
  "ppc": {
    "reduced_chi2": 0.9375196705596474,
    "coverage68": 0.7375,
    "coverage95": 0.9875,
    "bayesian_p_value": 0.1425,
    "dof": 76
  },
  "runtime_s": 39.10814117640257,
  "wall_s": 39.18479051440954,
  "n_samples": 1500,
  "amortized_s": null,
  "aic": -77.25753730646022,
  "bic": -67.7294307677647,
  "waic": -11.124985032392306,
  "info": {
    "total_simulations": 710400,
    "simulate_noise": true
  }
}