{
  "mock": "gp2",
  "sampler": "mcmc",
  "label": "MCMC",
  "params": [
    "A1",
    "mu1"
  ],
  "truth": {
    "A1": 3.3,
    "mu1": 12.0
  },
  "recovery": {
    "A1": {
      "true": 3.3,
      "median": 3.340888576217436,
      "mean": 3.340927114638545,
      "std": 0.04713321897070228,
      "ci68": [
        3.2935461753772315,
        3.3882645086771417
      ],
      "ci95": [
        3.248731994981863,
        3.432754609889799
      ],
      "bias": 0.040888576217436245,
      "z_score": 0.8675107940930649,
      "within_68": true,
      "within_95": true
    },
    "mu1": {
      "true": 12.0,
      "median": 11.991073588530744,
      "mean": 11.990988154539654,
      "std": 0.029741853371384273,
      "ci68": [
        11.961099760896596,
        12.021084387843583
      ],
      "ci95": [
        11.932877820587791,
        12.048480468746959
      ],
      "bias": -0.008926411469255768,
      "z_score": -0.30012963071911974,
      "within_68": true,
      "within_95": true
    },
    "_summary": {
      "max_abs_z": 0.8675107940930649,
      "rms_z": 0.6490965926206882,
      "coverage68": 1.0,
      "coverage95": 1.0,
      "n_params": 2
    }
  },
  "ppc": {
    "reduced_chi2": 0.9086864515984008,
    "coverage68": 0.6888888888888889,
    "coverage95": 0.9888888888888889,
    "bayesian_p_value": 0.725,
    "dof": 88
  },
  "runtime_s": 5.22071623057127,
  "wall_s": 5.503828689455986,
  "n_samples": 9000,
  "aic": -92.10825356195834,
  "bic": -87.1086342212978,
  "waic": -92.31375350174875,
  "info": {
    "converged": true,
    "mean_acceptance_fraction": 0.7165625,
    "mean_autocorr_time": 36.65588040255432
  }
}