{
  "mock": "bazin_sn",
  "sampler": "npe_nsf",
  "label": "NPE-NSF (GPU)",
  "params": [
    "amplitude",
    "t0",
    "tau_rise",
    "tau_fall"
  ],
  "truth": {
    "amplitude": 5.0,
    "t0": 20.0,
    "tau_rise": 4.0,
    "tau_fall": 25.0
  },
  "recovery": {
    "amplitude": {
      "true": 5.0,
      "median": 5.024334907531738,
      "mean": 5.038337942409515,
      "std": 0.43982610481306045,
      "ci68": [
        4.62173978805542,
        5.453821277618408
      ],
      "ci95": [
        4.210782766342163,
        5.923095893859863
      ],
      "bias": 0.02433490753173828,
      "z_score": 0.05532847474362933,
      "within_68": true,
      "within_95": true
    },
    "t0": {
      "true": 20.0,
      "median": 22.73147678375244,
      "mean": 22.84670661764145,
      "std": 3.1634413474492633,
      "ci68": [
        19.82915382385254,
        25.866839752197265
      ],
      "ci95": [
        16.923370838165283,
        29.410147523880003
      ],
      "bias": 2.7314767837524414,
      "z_score": 0.8634510596995508,
      "within_68": true,
      "within_95": true
    },
    "tau_rise": {
      "true": 4.0,
      "median": 4.473745584487915,
      "mean": 4.658070334011316,
      "std": 1.9297301562764078,
      "ci68": [
        2.6609747791290284,
        6.682385082244873
      ],
      "ci95": [
        1.3913331389427186,
        8.678448033332824
      ],
      "bias": 0.47374558448791504,
      "z_score": 0.24549835786473423,
      "within_68": true,
      "within_95": true
    },
    "tau_fall": {
      "true": 25.0,
      "median": 24.380847930908203,
      "mean": 24.4117975689888,
      "std": 3.2784950579627687,
      "ci68": [
        21.23405960083008,
        27.59018165588379
      ],
      "ci95": [
        17.906238079071045,
        30.856844282150263
      ],
      "bias": -0.6191520690917969,
      "z_score": -0.18885252475461506,
      "within_68": true,
      "within_95": true
    },
    "_summary": {
      "max_abs_z": 0.8634510596995508,
      "rms_z": 0.4594952917153252,
      "coverage68": 1.0,
      "coverage95": 1.0,
      "n_params": 4
    }
  },
  "ppc": {
    "reduced_chi2": 0.9587783502781129,
    "coverage68": 0.8625,
    "coverage95": 0.9875,
    "bayesian_p_value": 0.0,
    "dof": 76
  },
  "runtime_s": 548.5346660912037,
  "wall_s": 560.4938188381493,
  "n_samples": 10000,
  "amortized_s": 0.0712553933262825,
  "aic": -75.64187764785684,
  "bic": -66.11377110916132,
  "waic": 7667.881257268637,
  "info": {
    "device": "cuda",
    "density_estimator": "nsf",
    "embedding_net": null,
    "num_rounds": 1,
    "total_simulations": 30000,
    "x_format": "stacked",
    "sim_backend": "torch"
  }
}