{
  "method": "mcmc",
  "label": "MCMC",
  "params": [
    "mej_1",
    "vej_1",
    "temperature_floor_1",
    "mej_2",
    "vej_2",
    "kappa_2",
    "temperature_floor_2",
    "sigma"
  ],
  "summary": {
    "mej_1": {
      "median": 0.06728300656454951,
      "ci16": 0.0652664362535459,
      "ci84": 0.06917915502166423,
      "mean": 0.06724004290439399,
      "std": 0.001968311911095266
    },
    "vej_1": {
      "median": 0.6947639827281177,
      "ci16": 0.6863674874324183,
      "ci84": 0.6986645794332415,
      "mean": 0.6926137963997473,
      "std": 0.006956786068797113
    },
    "temperature_floor_1": {
      "median": 5502.052187407149,
      "ci16": 5363.8208675970445,
      "ci84": 5654.269439711305,
      "mean": 5508.195827766293,
      "std": 148.6482096674182
    },
    "mej_2": {
      "median": 0.09708092458803182,
      "ci16": 0.0928786594165868,
      "ci84": 0.09925247536834658,
      "mean": 0.0961007664518204,
      "std": 0.0035408707331203815
    },
    "vej_2": {
      "median": 0.1311920520933963,
      "ci16": 0.12242300856652998,
      "ci84": 0.1394487859298933,
      "mean": 0.13108565998808577,
      "std": 0.008682608178573864
    },
    "kappa_2": {
      "median": 1.8043939607160775,
      "ci16": 1.7120343782984524,
      "ci84": 1.9081645749919967,
      "mean": 1.8083746123731013,
      "std": 0.09984109718020072
    },
    "temperature_floor_2": {
      "median": 361.76991791454515,
      "ci16": 151.32382637116424,
      "ci84": 977.8883842154736,
      "mean": 522.4957087729923,
      "std": 427.77626262396996
    },
    "sigma": {
      "median": 0.21571775785797076,
      "ci16": 0.20395340789961225,
      "ci84": 0.22826126588930007,
      "mean": 0.21623220676437205,
      "std": 0.012499281931497451
    }
  },
  "best_params": {
    "mej_1": 0.06775507442871362,
    "vej_1": 0.6990633811553697,
    "temperature_floor_1": 5513.86954387608,
    "mej_2": 0.09981843753914331,
    "vej_2": 0.1329005763819052,
    "kappa_2": 1.7959923243339624,
    "temperature_floor_2": 148.35866993265245,
    "sigma": 0.2071488922263522
  },
  "ppc": {
    "cov68": 0.7251184834123223,
    "cov95": 0.9289099526066351,
    "chi2_reported": 45.71197230314622,
    "chi2_scatter": 1.1184160977575857,
    "dof": 203
  },
  "runtime_s": 880.559099253267,
  "wall_s": 882.3583579771221,
  "amortized_s": null,
  "n_samples": 20000,
  "aic": 3.9984886097208374,
  "bic": 30.81335367752937,
  "max_log_likelihood": 6.000755695139581,
  "info": {
    "nwalkers": 32,
    "nsteps": 4000,
    "burnin": 1500,
    "thin": 4,
    "space": "magnitude",
    "likelihood": "GaussianLikelihoodWithScatter",
    "mean_acceptance_fraction": 0.3553125,
    "mean_autocorr_time": 131.8085284436659,
    "n_samples_per_walker": 625,
    "converged": false,
    "seed": 0
  }
}