{
  "method": "npe_nsf",
  "label": "NPE-NSF (GPU)",
  "params": [
    "mej_1",
    "vej_1",
    "temperature_floor_1",
    "mej_2",
    "vej_2",
    "kappa_2",
    "temperature_floor_2",
    "sigma"
  ],
  "summary": {
    "mej_1": {
      "median": 0.08413993939757347,
      "ci16": 0.07582174241542816,
      "ci84": 0.0911280244588852,
      "mean": 0.08315124985659494,
      "std": 0.008684586751521289
    },
    "vej_1": {
      "median": 0.35088619589805603,
      "ci16": 0.2982078969478607,
      "ci84": 0.4347497057914734,
      "mean": 0.3639636690311134,
      "std": 0.07495418800779365
    },
    "temperature_floor_1": {
      "median": 3790.2418212890625,
      "ci16": 531.5546166992189,
      "ci84": 4411.52798828125,
      "mean": 2972.3086767402647,
      "std": 1639.126323930837
    },
    "mej_2": {
      "median": 0.06223735027015209,
      "ci16": 0.03377707034349442,
      "ci84": 0.08909590631723403,
      "mean": 0.06052887369467644,
      "std": 0.025021985220435652
    },
    "vej_2": {
      "median": 0.4302433133125305,
      "ci16": 0.1795085495710373,
      "ci84": 0.6284256339073181,
      "mean": 0.4087264077427797,
      "std": 0.1955952530733555
    },
    "kappa_2": {
      "median": 11.697860717773438,
      "ci16": 5.005071735382081,
      "ci84": 22.607986602783203,
      "mean": 13.135374567830562,
      "std": 7.735225241622881
    },
    "temperature_floor_2": {
      "median": 1349.3820190429688,
      "ci16": 193.60544921875,
      "ci84": 4910.34607421875,
      "mean": 2239.583827547455,
      "std": 2051.0494900358512
    },
    "sigma": {
      "median": 0.17723426222801208,
      "ci16": 0.0253000619262457,
      "ci84": 0.9152364492416382,
      "mean": 0.4037918074066227,
      "std": 0.48929548356440883
    }
  },
  "best_params": {
    "mej_1": 0.07194819301366806,
    "vej_1": 0.27463287115097046,
    "temperature_floor_1": 3428.36083984375,
    "mej_2": 0.03255880996584892,
    "vej_2": 0.5199797749519348,
    "kappa_2": 1.5307470560073853,
    "temperature_floor_2": 4789.13623046875,
    "sigma": 0.2240012139081955
  },
  "ppc": {
    "cov68": 0.7630331753554502,
    "cov95": 1.0,
    "chi2_reported": 70.78527795242054,
    "chi2_scatter": 1.807328316333456,
    "dof": 203
  },
  "runtime_s": 1030.7708521559834,
  "wall_s": 1183.881026301533,
  "amortized_s": 0.0808652937412262,
  "n_samples": 10000,
  "aic": 172.5399369838495,
  "bic": 199.35480205165803,
  "max_log_likelihood": -78.26996849192474,
  "info": {
    "num_rounds": 1,
    "num_simulations": 25000,
    "total_simulations": 25000,
    "density_estimator": "nsf",
    "embedding_net": null,
    "x_format": "stacked",
    "sim_backend": "numpy",
    "scatter_param": "sigma",
    "proposal_mode": "posterior",
    "truncate_quantile": null,
    "space": "magnitude",
    "num_samples": 10000,
    "device": "cuda",
    "seed": 0,
    "num_workers": 24
  }
}