{
  "method": "npe_mdn",
  "label": "NPE-MDN (GPU)",
  "params": [
    "mej_1",
    "vej_1",
    "temperature_floor_1",
    "mej_2",
    "vej_2",
    "kappa_2",
    "temperature_floor_2",
    "sigma"
  ],
  "summary": {
    "mej_1": {
      "median": 0.08683713898062706,
      "ci16": 0.0765200674533844,
      "ci84": 0.09254255354404449,
      "mean": 0.08486827282719314,
      "std": 0.00893144443500967
    },
    "vej_1": {
      "median": 0.4470341205596924,
      "ci16": 0.29383353114128113,
      "ci84": 0.5377455067634582,
      "mean": 0.4273975324570201,
      "std": 0.11283071133245921
    },
    "temperature_floor_1": {
      "median": 4225.718994140625,
      "ci16": 2456.0990820312504,
      "ci84": 4697.326796875,
      "mean": 3772.3467654164238,
      "std": 1284.7423818809687
    },
    "mej_2": {
      "median": 0.05585771054029465,
      "ci16": 0.029239774197340012,
      "ci84": 0.08019236385822295,
      "mean": 0.05485436626340889,
      "std": 0.02347143010728051
    },
    "vej_2": {
      "median": 0.37473978102207184,
      "ci16": 0.1966573512554169,
      "ci84": 0.5415050435066223,
      "mean": 0.36981098300246523,
      "std": 0.15981270410431392
    },
    "kappa_2": {
      "median": 12.753072261810303,
      "ci16": 5.714064445495605,
      "ci84": 20.632834701538087,
      "mean": 13.196655830180646,
      "std": 6.866314525584556
    },
    "temperature_floor_2": {
      "median": 2183.482177734375,
      "ci16": 649.8404003906251,
      "ci84": 4410.632226562499,
      "mean": 2446.379134985674,
      "std": 1674.5108422148844
    },
    "sigma": {
      "median": 0.21154683828353882,
      "ci16": 0.07508704900741578,
      "ci84": 1.0665324544906616,
      "mean": 0.46615293791523144,
      "std": 0.5134606721660232
    }
  },
  "best_params": {
    "mej_1": 0.08363565057516098,
    "vej_1": 0.5221393704414368,
    "temperature_floor_1": 4789.05859375,
    "mej_2": 0.07026460766792297,
    "vej_2": 0.05100664123892784,
    "kappa_2": 3.7275900840759277,
    "temperature_floor_2": 881.1110229492188,
    "sigma": 0.3130107522010803
  },
  "ppc": {
    "cov68": 0.7867298578199052,
    "cov95": 0.995260663507109,
    "chi2_reported": 90.84555453887111,
    "chi2_scatter": 1.1607042303100843,
    "dof": 203
  },
  "runtime_s": 825.7829988412559,
  "wall_s": 978.0641340538859,
  "amortized_s": 0.005433976650238037,
  "n_samples": 10000,
  "aic": 168.42947140316312,
  "bic": 195.24433647097166,
  "max_log_likelihood": -76.21473570158156,
  "info": {
    "num_rounds": 1,
    "num_simulations": 25000,
    "total_simulations": 25000,
    "density_estimator": "mdn",
    "embedding_net": null,
    "x_format": "stacked",
    "sim_backend": "numpy",
    "scatter_param": "sigma",
    "proposal_mode": "posterior",
    "truncate_quantile": null,
    "space": "magnitude",
    "num_samples": 10000,
    "device": "cuda",
    "seed": 0,
    "num_workers": 24
  }
}