{
  "method": "snpe5_tcn",
  "label": "SNPE-5r NSF (GPU, TCN embed)",
  "params": [
    "mej_1",
    "vej_1",
    "temperature_floor_1",
    "mej_2",
    "vej_2",
    "kappa_2",
    "temperature_floor_2",
    "sigma"
  ],
  "summary": {
    "mej_1": {
      "median": 0.07847887650132179,
      "ci16": 0.06916615039110184,
      "ci84": 0.09234935134649276,
      "mean": 0.07926930716447532,
      "std": 0.011115049424723767
    },
    "vej_1": {
      "median": 0.5236202776432037,
      "ci16": 0.4144329941272736,
      "ci84": 0.6103242778778076,
      "mean": 0.5166623883347958,
      "std": 0.09268500516141463
    },
    "temperature_floor_1": {
      "median": 5071.097900390625,
      "ci16": 3478.539521484375,
      "ci84": 5756.19447265625,
      "mean": 4583.563584294128,
      "std": 1504.1348829746973
    },
    "mej_2": {
      "median": 0.05314193107187748,
      "ci16": 0.02243614032864571,
      "ci84": 0.08265585124492646,
      "mean": 0.05275569197272271,
      "std": 0.026727885471081243
    },
    "vej_2": {
      "median": 0.40864185988903046,
      "ci16": 0.18734080135822298,
      "ci84": 0.6154244875907898,
      "mean": 0.40304220727551726,
      "std": 0.1834860811153787
    },
    "kappa_2": {
      "median": 7.054720163345337,
      "ci16": 2.116406536102295,
      "ci84": 19.64006217956543,
      "mean": 9.890675120031833,
      "std": 8.061049494071945
    },
    "temperature_floor_2": {
      "median": 2268.1519775390625,
      "ci16": 307.1279138183594,
      "ci84": 4861.23654296875,
      "mean": 2436.6650933146475,
      "std": 1884.645446703526
    },
    "sigma": {
      "median": 0.5820434093475342,
      "ci16": 0.25865615010261533,
      "ci84": 0.8834040689468383,
      "mean": 0.5942342288072221,
      "std": 0.33619678111782975
    }
  },
  "best_params": {
    "mej_1": 0.07497039437294006,
    "vej_1": 0.5637009739875793,
    "temperature_floor_1": 5000.88623046875,
    "mej_2": 0.08727822452783585,
    "vej_2": 0.13213062286376953,
    "kappa_2": 3.0478155612945557,
    "temperature_floor_2": 1570.8277587890625,
    "sigma": 0.24315355718135834
  },
  "ppc": {
    "cov68": 0.943127962085308,
    "cov95": 1.0,
    "chi2_reported": 99.33541124672068,
    "chi2_scatter": 1.3387156673426015,
    "dof": 203
  },
  "runtime_s": 17127.893868844956,
  "wall_s": 17277.071329183877,
  "amortized_s": 0.06314198672771454,
  "n_samples": 10000,
  "aic": 107.96261881157974,
  "bic": 134.77748387938829,
  "max_log_likelihood": -45.98130940578987,
  "info": {
    "num_rounds": 5,
    "num_simulations": 5000,
    "total_simulations": 25000,
    "density_estimator": "nsf",
    "embedding_net": "tcn",
    "x_format": "stacked",
    "sim_backend": "numpy",
    "scatter_param": "sigma",
    "proposal_mode": "restricted",
    "truncate_quantile": 0.0001,
    "space": "magnitude",
    "num_samples": 10000,
    "device": "cuda",
    "seed": 0,
    "num_workers": 24
  }
}