{
  "method": "abc",
  "label": "ABC",
  "params": [
    "mej_1",
    "vej_1",
    "temperature_floor_1",
    "mej_2",
    "vej_2",
    "kappa_2",
    "temperature_floor_2"
  ],
  "summary": {
    "mej_1": {
      "median": 0.08602853213060795,
      "ci16": 0.0720758665431457,
      "ci84": 0.09525778555422575,
      "mean": 0.08408002782133465,
      "std": 0.011732007921973216
    },
    "vej_1": {
      "median": 0.2544457696667852,
      "ci16": 0.22056555309777823,
      "ci84": 0.2880747983436865,
      "mean": 0.2527547466224957,
      "std": 0.03021594217254368
    },
    "temperature_floor_1": {
      "median": 3292.4803824424034,
      "ci16": 1632.7619383524936,
      "ci84": 3603.0035195331157,
      "mean": 2933.7379704508226,
      "std": 1207.7650608895108
    },
    "mej_2": {
      "median": 0.05720600286380659,
      "ci16": 0.020287147680265398,
      "ci84": 0.08611294899925402,
      "mean": 0.05467728667891294,
      "std": 0.027698796685250524
    },
    "vej_2": {
      "median": 0.17297269555366382,
      "ci16": 0.08518570085286524,
      "ci84": 0.264556976363285,
      "mean": 0.1757162195140093,
      "std": 0.07709155630988411
    },
    "kappa_2": {
      "median": 7.037607774574857,
      "ci16": 1.651811901510749,
      "ci84": 20.797793572534246,
      "mean": 10.21542103900502,
      "std": 8.83140077147526
    },
    "temperature_floor_2": {
      "median": 949.6214991771154,
      "ci16": 173.65369091414453,
      "ci84": 3918.799229310719,
      "mean": 1755.6789463127952,
      "std": 1724.817206691841
    }
  },
  "best_params": {
    "mej_1": 0.0684399249109914,
    "vej_1": 0.27219222003046706,
    "temperature_floor_1": 361.01447123617754,
    "mej_2": 0.09983451419699234,
    "vej_2": 0.11646816440216436,
    "kappa_2": 1.2320280289484624,
    "temperature_floor_2": 2329.751287788962
  },
  "ppc": {
    "cov68": 0.3412322274881517,
    "cov95": 0.6492890995260664,
    "chi2_reported": 69.00539502764144,
    "chi2_scatter": 69.00539502764144,
    "dof": 204
  },
  "runtime_s": 130.4356523528695,
  "wall_s": 152.8677251972258,
  "amortized_s": null,
  "n_samples": 300,
  "aic": 13240.963278609843,
  "bic": 13264.426285544176,
  "max_log_likelihood": -6613.481639304921,
  "info": {
    "n_simulations": 60000,
    "n_accepted": 300,
    "acceptance_rate": 0.005,
    "epsilon": 27135.107818059816,
    "quantile": 0.005,
    "simulate_noise": true,
    "space": "magnitude",
    "scatter_param": null,
    "n_jobs": 48,
    "distance": "chi2_distance",
    "likelihood_space": "magnitude"
  }
}