{
  "method": "mcmc",
  "label": "MCMC",
  "params": [
    "mej_1",
    "vej_1",
    "temperature_floor_1",
    "mej_2",
    "vej_2",
    "kappa_2",
    "temperature_floor_2",
    "sigma"
  ],
  "summary": {
    "mej_1": {
      "median": 0.07320543534137317,
      "ci16": 0.06869310005153736,
      "ci84": 0.07754896721131176,
      "mean": 0.07317614414417484,
      "std": 0.00452529614119184
    },
    "vej_1": {
      "median": 0.29011924202620765,
      "ci16": 0.2785900567292631,
      "ci84": 0.2970402932999265,
      "mean": 0.2880153921415454,
      "std": 0.009316065570488414
    },
    "temperature_floor_1": {
      "median": 432.3273832212469,
      "ci16": 159.55829960065498,
      "ci84": 1176.9808293046515,
      "mean": 638.5914208848029,
      "std": 566.72227685528
    },
    "mej_2": {
      "median": 0.05240302133282754,
      "ci16": 0.04645192198617564,
      "ci84": 0.05948488165994359,
      "mean": 0.05270532749540636,
      "std": 0.007212821541767877
    },
    "vej_2": {
      "median": 0.0808440407183459,
      "ci16": 0.07102858686034176,
      "ci84": 0.0908345384081885,
      "mean": 0.08099192218738395,
      "std": 0.010063145348990617
    },
    "kappa_2": {
      "median": 1.0288612003133175,
      "ci16": 1.0071004999545115,
      "ci84": 1.078309747922976,
      "mean": 1.0420624171913584,
      "std": 0.041992031049174254
    },
    "temperature_floor_2": {
      "median": 2816.274748999659,
      "ci16": 2702.32979621696,
      "ci84": 2949.4036106205426,
      "mean": 2827.0097932033004,
      "std": 131.37404391935792
    },
    "sigma": {
      "median": 0.27725923556997545,
      "ci16": 0.26282467527728665,
      "ci84": 0.2930242188624493,
      "mean": 0.2779543053240603,
      "std": 0.015190918743474873
    }
  },
  "best_params": {
    "mej_1": 0.07560660770761117,
    "vej_1": 0.29872757064672006,
    "temperature_floor_1": 1085.8725096154046,
    "mej_2": 0.0497339031226488,
    "vej_2": 0.0761021436864957,
    "kappa_2": 1.0026720582814597,
    "temperature_floor_2": 2814.658976335797,
    "sigma": 0.27106188241590434
  },
  "ppc": {
    "cov68": 0.7109004739336493,
    "cov95": 0.95260663507109,
    "chi2_reported": 72.28070310701239,
    "chi2_scatter": 1.0424239575753829,
    "dof": 203
  },
  "runtime_s": 2881.726790353656,
  "wall_s": 2886.4842536225915,
  "amortized_s": null,
  "n_samples": 80000,
  "aic": 88.9344395697471,
  "bic": 115.74930463755564,
  "max_log_likelihood": -36.46721978487355,
  "info": {
    "nwalkers": 40,
    "nsteps": 12000,
    "burnin": 4000,
    "thin": 4,
    "space": "magnitude",
    "likelihood": "GaussianLikelihoodWithScatter",
    "mean_acceptance_fraction": 0.3341645833333333,
    "mean_autocorr_time": 246.4211432562284,
    "n_samples_per_walker": 2000,
    "converged": false,
    "seed": 0
  }
}