{
  "method": "abc_smc",
  "label": "ABC-SMC",
  "params": [
    "mej_1",
    "vej_1",
    "temperature_floor_1",
    "mej_2",
    "vej_2",
    "kappa_2",
    "temperature_floor_2"
  ],
  "summary": {
    "mej_1": {
      "median": 0.08726406373790073,
      "ci16": 0.07349482508570326,
      "ci84": 0.09565928566831057,
      "mean": 0.08535683613662357,
      "std": 0.010104732563479572
    },
    "vej_1": {
      "median": 0.371918881453493,
      "ci16": 0.26006759521811057,
      "ci84": 0.47387213804054434,
      "mean": 0.3738302686962162,
      "std": 0.10480218137342452
    },
    "temperature_floor_1": {
      "median": 4130.553123021246,
      "ci16": 3094.3710610764456,
      "ci84": 4663.175760787545,
      "mean": 3796.1196298832597,
      "std": 1167.459280933282
    },
    "mej_2": {
      "median": 0.04962660287539165,
      "ci16": 0.014162502955215546,
      "ci84": 0.08317544156452666,
      "mean": 0.04902106460354005,
      "std": 0.0280162107367984
    },
    "vej_2": {
      "median": 0.3851216595230441,
      "ci16": 0.09471400096046756,
      "ci84": 0.6250322074732279,
      "mean": 0.358809500556977,
      "std": 0.20959618852290562
    },
    "kappa_2": {
      "median": 9.564001277341564,
      "ci16": 3.045481989426489,
      "ci84": 23.69268295044121,
      "mean": 12.070909767950152,
      "std": 8.81345424884242
    },
    "temperature_floor_2": {
      "median": 1185.2743594721026,
      "ci16": 230.26378275428988,
      "ci84": 4332.178328472516,
      "mean": 1953.7571643821807,
      "std": 1752.2167998558666
    }
  },
  "best_params": {
    "mej_1": 0.08336740876065139,
    "vej_1": 0.26851272105805185,
    "temperature_floor_1": 3124.634372446898,
    "mej_2": 0.025736980475100556,
    "vej_2": 0.45078405088104634,
    "kappa_2": 1.7722812630446856,
    "temperature_floor_2": 5990.240924649083
  },
  "ppc": {
    "cov68": 0.3886255924170616,
    "cov95": 0.7440758293838863,
    "chi2_reported": 66.33579387464818,
    "chi2_scatter": 66.33579387464818,
    "dof": 204
  },
  "runtime_s": 163.5107291676104,
  "wall_s": 209.56212804093957,
  "amortized_s": null,
  "n_samples": 643,
  "aic": 12696.364643399218,
  "bic": 12719.827650333551,
  "max_log_likelihood": -6341.182321699609,
  "info": {
    "n_particles": 800,
    "n_rounds": 8,
    "total_simulations": 547200,
    "weighted": true,
    "kernel": "diagonal_gaussian_2x_weighted_var",
    "quantile": 0.5,
    "min_epsilon": "auto",
    "simulate_noise": true,
    "space": "magnitude",
    "scatter_param": null,
    "n_jobs": 48,
    "distance": "chi2_distance",
    "likelihood_space": "magnitude"
  }
}