{
  "method": "snpe5_nsf",
  "label": "SNPE-5r NSF (GPU, no embed)",
  "params": [
    "mej_1",
    "vej_1",
    "temperature_floor_1",
    "mej_2",
    "vej_2",
    "kappa_2",
    "temperature_floor_2",
    "sigma"
  ],
  "summary": {
    "mej_1": {
      "median": 0.08812016621232033,
      "ci16": 0.07923971235752106,
      "ci84": 0.09502416759729386,
      "mean": 0.08687550015451852,
      "std": 0.00849194151143367
    },
    "vej_1": {
      "median": 0.3477631062269211,
      "ci16": 0.28636776328086855,
      "ci84": 0.44356542706489566,
      "mean": 0.35986851112246515,
      "std": 0.08385320965649187
    },
    "temperature_floor_1": {
      "median": 3862.2158203125,
      "ci16": 918.1615087890627,
      "ci84": 4480.46951171875,
      "mean": 3338.642456740141,
      "std": 1491.3718721597543
    },
    "mej_2": {
      "median": 0.06259196996688843,
      "ci16": 0.026037934646010407,
      "ci84": 0.08845836639404296,
      "mean": 0.058553233600744714,
      "std": 0.02734419189015833
    },
    "vej_2": {
      "median": 0.3594767600297928,
      "ci16": 0.12535545468330384,
      "ci84": 0.5973483896255493,
      "mean": 0.36141787158260125,
      "std": 0.19922093635241792
    },
    "kappa_2": {
      "median": 10.942001819610596,
      "ci16": 4.123005561828614,
      "ci84": 22.22572555541992,
      "mean": 12.66892922525406,
      "std": 8.073853788791036
    },
    "temperature_floor_2": {
      "median": 737.5798645019531,
      "ci16": 169.38274291992187,
      "ci84": 4370.708828125,
      "mean": 1801.1992662628174,
      "std": 1854.7145020792307
    },
    "sigma": {
      "median": 0.1961633563041687,
      "ci16": 0.02677737474441529,
      "ci84": 0.8379271626472472,
      "mean": 0.3911121870180912,
      "std": 0.4438384996996324
    }
  },
  "best_params": {
    "mej_1": 0.09225354343652725,
    "vej_1": 0.29799965023994446,
    "temperature_floor_1": 2836.786865234375,
    "mej_2": 0.03035912849009037,
    "vej_2": 0.5827298164367676,
    "kappa_2": 7.094501495361328,
    "temperature_floor_2": 4665.10791015625,
    "sigma": 0.29380303621292114
  },
  "ppc": {
    "cov68": 0.8720379146919431,
    "cov95": 1.0,
    "chi2_reported": 77.29954357274366,
    "chi2_scatter": 1.008788238504833,
    "dof": 203
  },
  "runtime_s": 1010.3845434077084,
  "wall_s": 1168.5291413776577,
  "amortized_s": 0.08768066763877869,
  "n_samples": 10000,
  "aic": 113.03622948257765,
  "bic": 139.8510945503862,
  "max_log_likelihood": -48.51811474128883,
  "info": {
    "num_rounds": 5,
    "num_simulations": 5000,
    "total_simulations": 25000,
    "density_estimator": "nsf",
    "embedding_net": null,
    "x_format": "stacked",
    "sim_backend": "numpy",
    "scatter_param": "sigma",
    "proposal_mode": "restricted",
    "truncate_quantile": 0.0001,
    "space": "magnitude",
    "num_samples": 10000,
    "device": "cuda",
    "seed": 0,
    "num_workers": 24
  }
}