{
  "method": "npe_mdn",
  "label": "NPE-MDN (GPU)",
  "params": [
    "mej_1",
    "vej_1",
    "temperature_floor_1",
    "mej_2",
    "vej_2",
    "kappa_2",
    "temperature_floor_2",
    "sigma"
  ],
  "summary": {
    "mej_1": {
      "median": 0.0893574059009552,
      "ci16": 0.07654292047023774,
      "ci84": 0.09778165698051453,
      "mean": 0.0873622093603015,
      "std": 0.010008524018203483
    },
    "vej_1": {
      "median": 0.2574979364871979,
      "ci16": 0.2226099342107773,
      "ci84": 0.2822655010223389,
      "mean": 0.2526692185074091,
      "std": 0.028880139773155084
    },
    "temperature_floor_1": {
      "median": 2425.45751953125,
      "ci16": 721.2834936523437,
      "ci84": 3550.528330078125,
      "mean": 2253.46188505823,
      "std": 1238.3066231356977
    },
    "mej_2": {
      "median": 0.05731299705803394,
      "ci16": 0.031673449575901035,
      "ci84": 0.08077627688646316,
      "mean": 0.05625047079515789,
      "std": 0.02287031029278349
    },
    "vej_2": {
      "median": 0.17553142458200455,
      "ci16": 0.1126011648774147,
      "ci84": 0.23875660002231597,
      "mean": 0.17567471413500607,
      "std": 0.05854700501481543
    },
    "kappa_2": {
      "median": 10.185424327850342,
      "ci16": 3.590488080978394,
      "ci84": 17.473409271240236,
      "mean": 10.757818674564362,
      "std": 6.38169431061325
    },
    "temperature_floor_2": {
      "median": 3181.813720703125,
      "ci16": 976.9682397460938,
      "ci84": 4314.46197265625,
      "mean": 2862.284590572429,
      "std": 1479.4553594436284
    },
    "sigma": {
      "median": 0.842837005853653,
      "ci16": 0.22633023202419283,
      "ci84": 1.4784423685073853,
      "mean": 0.8742994451876104,
      "std": 0.5723897591419456
    }
  },
  "best_params": {
    "mej_1": 0.09712576866149902,
    "vej_1": 0.2710261940956116,
    "temperature_floor_1": 3145.75537109375,
    "mej_2": 0.051340050995349884,
    "vej_2": 0.2663528323173523,
    "kappa_2": 9.439160346984863,
    "temperature_floor_2": 692.3079223632812,
    "sigma": 0.28660643100738525
  },
  "ppc": {
    "cov68": 0.9620853080568721,
    "cov95": 1.0,
    "chi2_reported": 91.07879082995487,
    "chi2_scatter": 1.166529415125646,
    "dof": 203
  },
  "runtime_s": 764.2391386292875,
  "wall_s": 920.686459120363,
  "amortized_s": 0.015081968158483505,
  "n_samples": 10000,
  "aic": 135.49872013076606,
  "bic": 162.3135851985746,
  "max_log_likelihood": -59.74936006538304,
  "info": {
    "num_rounds": 1,
    "num_simulations": 25000,
    "total_simulations": 25000,
    "density_estimator": "mdn",
    "embedding_net": null,
    "x_format": "stacked",
    "sim_backend": "numpy",
    "scatter_param": "sigma",
    "proposal_mode": "posterior",
    "truncate_quantile": null,
    "space": "magnitude",
    "num_samples": 10000,
    "device": "cuda",
    "seed": 0,
    "num_workers": 24
  }
}