{
  "method": "npe_nsf",
  "label": "NPE-NSF (GPU)",
  "params": [
    "mej_1",
    "vej_1",
    "temperature_floor_1",
    "mej_2",
    "vej_2",
    "kappa_2",
    "temperature_floor_2",
    "sigma"
  ],
  "summary": {
    "mej_1": {
      "median": 0.09058306366205215,
      "ci16": 0.08029768645763398,
      "ci84": 0.09677407026290893,
      "mean": 0.0885462571747601,
      "std": 0.008923199755755026
    },
    "vej_1": {
      "median": 0.29344700276851654,
      "ci16": 0.25776731491088867,
      "ci84": 0.29861905813217166,
      "mean": 0.28105487579554317,
      "std": 0.027533794417984696
    },
    "temperature_floor_1": {
      "median": 1558.1250610351562,
      "ci16": 172.25323242187503,
      "ci84": 3373.90119140625,
      "mean": 1764.878608379364,
      "std": 1403.5419260800763
    },
    "mej_2": {
      "median": 0.055365486070513725,
      "ci16": 0.035318948924541474,
      "ci84": 0.08413520693778992,
      "mean": 0.05755562733101542,
      "std": 0.02242945196559769
    },
    "vej_2": {
      "median": 0.2122790291905403,
      "ci16": 0.11510367214679718,
      "ci84": 0.27232136607170104,
      "mean": 0.19940184588730336,
      "std": 0.06931579963753122
    },
    "kappa_2": {
      "median": 4.483514785766602,
      "ci16": 2.260211572647095,
      "ci84": 13.900905189514159,
      "mean": 7.49480680873394,
      "std": 6.933499636307788
    },
    "temperature_floor_2": {
      "median": 1773.1318969726562,
      "ci16": 272.96821289062507,
      "ci84": 4053.931396484375,
      "mean": 2130.4358585861205,
      "std": 1709.3583701292819
    },
    "sigma": {
      "median": 0.1519254595041275,
      "ci16": 0.020290720984339716,
      "ci84": 0.4218073201179504,
      "mean": 0.23188648157818098,
      "std": 0.27158285424797485
    }
  },
  "best_params": {
    "mej_1": 0.0872015655040741,
    "vej_1": 0.2797936797142029,
    "temperature_floor_1": 2974.920166015625,
    "mej_2": 0.018994323909282684,
    "vej_2": 0.2219352275133133,
    "kappa_2": 1.5327504873275757,
    "temperature_floor_2": 4099.08349609375,
    "sigma": 0.2524225115776062
  },
  "ppc": {
    "cov68": 0.6303317535545023,
    "cov95": 0.966824644549763,
    "chi2_reported": 90.68032088207761,
    "chi2_scatter": 1.3818067996627483,
    "dof": 203
  },
  "runtime_s": 1346.4674112424254,
  "wall_s": 1499.1970918476582,
  "amortized_s": 0.07691327854990959,
  "n_samples": 10000,
  "aic": 130.78665880218142,
  "bic": 157.60152386998996,
  "max_log_likelihood": -57.39332940109071,
  "info": {
    "num_rounds": 1,
    "num_simulations": 25000,
    "total_simulations": 25000,
    "density_estimator": "nsf",
    "embedding_net": null,
    "x_format": "stacked",
    "sim_backend": "numpy",
    "scatter_param": "sigma",
    "proposal_mode": "posterior",
    "truncate_quantile": null,
    "space": "magnitude",
    "num_samples": 10000,
    "device": "cuda",
    "seed": 0,
    "num_workers": 24
  }
}