{
  "method": "abc",
  "label": "ABC",
  "params": [
    "mej_1",
    "vej_1",
    "temperature_floor_1",
    "mej_2",
    "vej_2",
    "kappa_2",
    "temperature_floor_2"
  ],
  "summary": {
    "mej_1": {
      "median": 0.0854719775631816,
      "ci16": 0.07395466764365564,
      "ci84": 0.09579523786546011,
      "mean": 0.08426560531306845,
      "std": 0.010672296681927207
    },
    "vej_1": {
      "median": 0.368348400070385,
      "ci16": 0.2538752312261394,
      "ci84": 0.46652785678601555,
      "mean": 0.3692245271108134,
      "std": 0.10637692573841316
    },
    "temperature_floor_1": {
      "median": 4132.355946826902,
      "ci16": 3073.015774065919,
      "ci84": 4970.651848407145,
      "mean": 3837.980742492311,
      "std": 1332.794903486599
    },
    "mej_2": {
      "median": 0.05606133498022928,
      "ci16": 0.024479628031527468,
      "ci84": 0.08267270461736799,
      "mean": 0.05424698091987417,
      "std": 0.025964829979485265
    },
    "vej_2": {
      "median": 0.370682570718661,
      "ci16": 0.13829951933831544,
      "ci84": 0.5929126381929994,
      "mean": 0.3645945592275851,
      "std": 0.19814720278683823
    },
    "kappa_2": {
      "median": 12.410480362152432,
      "ci16": 3.087251739622726,
      "ci84": 24.11995956505562,
      "mean": 13.221964001912019,
      "std": 8.93851074838721
    },
    "temperature_floor_2": {
      "median": 1476.788376886279,
      "ci16": 248.9233477260531,
      "ci84": 4274.073979125318,
      "mean": 2016.2748896456026,
      "std": 1780.1946968794841
    }
  },
  "best_params": {
    "mej_1": 0.07397305265956015,
    "vej_1": 0.6574192312548208,
    "temperature_floor_1": 5701.065435220272,
    "mej_2": 0.08816560679586607,
    "vej_2": 0.0809021492605197,
    "kappa_2": 1.6785674526972865,
    "temperature_floor_2": 493.47214308485763
  },
  "ppc": {
    "cov68": 0.47393364928909953,
    "cov95": 0.7677725118483413,
    "chi2_reported": 58.835213317515276,
    "chi2_scatter": 58.835213317515276,
    "dof": 204
  },
  "runtime_s": 124.37962694093585,
  "wall_s": 145.13014581426978,
  "amortized_s": null,
  "n_samples": 300,
  "aic": 11166.246209744106,
  "bic": 11189.709216678439,
  "max_log_likelihood": -5576.123104872053,
  "info": {
    "n_simulations": 60000,
    "n_accepted": 300,
    "acceptance_rate": 0.005,
    "epsilon": 25492.506419170008,
    "quantile": 0.005,
    "simulate_noise": true,
    "space": "magnitude",
    "scatter_param": null,
    "n_jobs": 48,
    "distance": "chi2_distance",
    "likelihood_space": "magnitude"
  }
}