{
  "method": "snpe5_nsf",
  "label": "SNPE-5r NSF (GPU, no embed)",
  "params": [
    "mej_1",
    "vej_1",
    "temperature_floor_1",
    "mej_2",
    "vej_2",
    "kappa_2",
    "temperature_floor_2",
    "sigma"
  ],
  "summary": {
    "mej_1": {
      "median": 0.09152350947260857,
      "ci16": 0.07737068057060242,
      "ci84": 0.09681688457727432,
      "mean": 0.08788086103703827,
      "std": 0.010584493600376946
    },
    "vej_1": {
      "median": 0.285711869597435,
      "ci16": 0.23331897854804992,
      "ci84": 0.2965029799938202,
      "mean": 0.26968388349562883,
      "std": 0.03387286067199554
    },
    "temperature_floor_1": {
      "median": 1782.779541015625,
      "ci16": 236.2402130126953,
      "ci84": 3209.865908203125,
      "mean": 1766.0402171492576,
      "std": 1267.2770073433212
    },
    "mej_2": {
      "median": 0.06474378705024719,
      "ci16": 0.030612010359764102,
      "ci84": 0.08999125897884369,
      "mean": 0.06150156313921325,
      "std": 0.02639160789775398
    },
    "vej_2": {
      "median": 0.1503780111670494,
      "ci16": 0.06951576948165894,
      "ci84": 0.24406982421875,
      "mean": 0.15439287212789057,
      "std": 0.07424535670115946
    },
    "kappa_2": {
      "median": 7.203955173492432,
      "ci16": 2.019784736633301,
      "ci84": 20.58634376525879,
      "mean": 10.14854932142496,
      "std": 8.363312807613214
    },
    "temperature_floor_2": {
      "median": 1587.41845703125,
      "ci16": 211.89076599121094,
      "ci84": 4136.58935546875,
      "mean": 1994.8603434574127,
      "std": 1713.9588998056474
    },
    "sigma": {
      "median": 0.4688330888748169,
      "ci16": 0.05293509811162953,
      "ci84": 1.2207823276519776,
      "mean": 0.6044824706792133,
      "std": 0.5335104795749321
    }
  },
  "best_params": {
    "mej_1": 0.07883867621421814,
    "vej_1": 0.2603378891944885,
    "temperature_floor_1": 2622.270263671875,
    "mej_2": 0.05561523139476776,
    "vej_2": 0.06724574416875839,
    "kappa_2": 1.6445575952529907,
    "temperature_floor_2": 89.78411865234375,
    "sigma": 0.359485000371933
  },
  "ppc": {
    "cov68": 0.9052132701421801,
    "cov95": 1.0,
    "chi2_reported": 85.13333551891269,
    "chi2_scatter": 0.7270104135181842,
    "dof": 203
  },
  "runtime_s": 1011.8771647624671,
  "wall_s": 1160.9523827545345,
  "amortized_s": 0.08765340968966484,
  "n_samples": 10000,
  "aic": 134.72964631640303,
  "bic": 161.54451138421157,
  "max_log_likelihood": -59.36482315820152,
  "info": {
    "num_rounds": 5,
    "num_simulations": 5000,
    "total_simulations": 25000,
    "density_estimator": "nsf",
    "embedding_net": null,
    "x_format": "stacked",
    "sim_backend": "numpy",
    "scatter_param": "sigma",
    "proposal_mode": "restricted",
    "truncate_quantile": 0.0001,
    "space": "magnitude",
    "num_samples": 10000,
    "device": "cuda",
    "seed": 0,
    "num_workers": 24
  }
}