{
  "method": "snpe5_nsf",
  "label": "SNPE-5r NSF (GPU, no embed)",
  "params": [
    "mej_1",
    "vej_1",
    "temperature_floor_1",
    "mej_2",
    "vej_2",
    "kappa_2",
    "temperature_floor_2",
    "sigma"
  ],
  "summary": {
    "mej_1": {
      "median": 0.039631981402635574,
      "ci16": 0.03405551269650459,
      "ci84": 0.04465235635638237,
      "mean": 0.039410331396292894,
      "std": 0.005647541511366122
    },
    "vej_1": {
      "median": 0.29081979393959045,
      "ci16": 0.2744481182098389,
      "ci84": 0.2966820776462555,
      "mean": 0.2861814677149057,
      "std": 0.014312236908508887
    },
    "temperature_floor_1": {
      "median": 1122.621826171875,
      "ci16": 453.9066577148438,
      "ci84": 3892.4659765625,
      "mean": 2028.046177937317,
      "std": 1555.7332586383945
    },
    "mej_2": {
      "median": 0.09747225418686867,
      "ci16": 0.09366151988506317,
      "ci84": 0.09916148722171783,
      "mean": 0.0963328419405967,
      "std": 0.0037051169931653356
    },
    "vej_2": {
      "median": 0.16046477109193802,
      "ci16": 0.13200820863246918,
      "ci84": 0.19329051554203033,
      "mean": 0.1643112116239965,
      "std": 0.033842543468359854
    },
    "kappa_2": {
      "median": 1.2323880195617676,
      "ci16": 1.0703396415710449,
      "ci84": 1.481722855567932,
      "mean": 1.2771791656970979,
      "std": 0.22058698059219203
    },
    "temperature_floor_2": {
      "median": 425.5250701904297,
      "ci16": 154.9517108154297,
      "ci84": 1699.427436523437,
      "mean": 742.7315999359131,
      "std": 776.0200535885898
    },
    "sigma": {
      "median": 0.6591205894947052,
      "ci16": 0.07886585652828217,
      "ci84": 1.5009844303131104,
      "mean": 0.7497749117576983,
      "std": 0.6009258359587755
    }
  },
  "best_params": {
    "mej_1": 0.04706745967268944,
    "vej_1": 0.2974303066730499,
    "temperature_floor_1": 3273.511474609375,
    "mej_2": 0.09169136732816696,
    "vej_2": 0.15971404314041138,
    "kappa_2": 1.660474419593811,
    "temperature_floor_2": 227.664794921875,
    "sigma": 0.2546641528606415
  },
  "ppc": {
    "cov68": 0.9441176470588235,
    "cov95": 1.0,
    "chi2_reported": 124.05962815136142,
    "chi2_scatter": 1.5660554710827834,
    "dof": 332,
    "space": "magnitude"
  },
  "runtime_s": 1201.324781358242,
  "wall_s": 1244.874155960977,
  "amortized_s": 0.42963360622525215,
  "n_samples": 10000,
  "aic": 265.86848265510486,
  "bic": 296.50004759598653,
  "max_log_likelihood": -124.93424132755243,
  "info": {
    "num_rounds": 5,
    "num_simulations": 5000,
    "total_simulations": 25000,
    "density_estimator": "nsf",
    "embedding_net": null,
    "x_format": "stacked",
    "normalize_x": "asinh",
    "final_sample_method": "rejection",
    "final_sample_acceptance_rate": 0.02550000138580799,
    "sim_backend": "numpy",
    "scatter_param": "sigma",
    "proposal_mode": "restricted",
    "truncate_quantile": 0.0001,
    "space": "magnitude",
    "num_samples": 10000,
    "device": "cuda",
    "seed": 0,
    "num_workers": 24,
    "predictive_metrics": {
      "space": "magnitude",
      "unit": "mag",
      "n_draws": 200,
      "scatter_param": "sigma",
      "rmse": {
        "overall": 0.41210152911073394,
        "bands": {
          "B": 0.3451616926545619,
          "H": 0.24875106230180186,
          "J": 0.28901575285562736,
          "Ks": 0.30108470235804013,
          "V": 0.34391836638508816,
          "Y": 0.5297689924421546,
          "g": 0.4040378184000127,
          "i": 0.40730924695007803,
          "r": 0.600283717674774,
          "z": 0.4395119956335596
        }
      },
      "lpd": {
        "total": -222.6347830422323,
        "per_point": -0.6548081854183303
      },
      "elpd_loo": {
        "elpd_loo": -41947.27663541791,
        "p_loo": 41724.64185237568,
        "se": 9155.27607725979,
        "looic": 83894.55327083582,
        "pareto_k_max": Infinity
      },
      "waic": {
        "waic": 2569806.9253915884,
        "elpd_waic": -1284903.4626957942,
        "p_waic": 1284680.827912752,
        "se": 1219694.9004008991
      },
      "coverage": {
        "levels": [
          0.5,
          0.68,
          0.8,
          0.9,
          0.95,
          0.99
        ],
        "overall": [
          {
            "nominal": 0.5,
            "empirical": 0.7823529411764706
          },
          {
            "nominal": 0.68,
            "empirical": 0.9529411764705882
          },
          {
            "nominal": 0.8,
            "empirical": 0.9882352941176471
          },
          {
            "nominal": 0.9,
            "empirical": 1.0
          },
          {
            "nominal": 0.95,
            "empirical": 1.0
          },
          {
            "nominal": 0.99,
            "empirical": 1.0
          }
        ],
        "bands": {
          "B": [
            {
              "nominal": 0.5,
              "empirical": 0.9
            },
            {
              "nominal": 0.68,
              "empirical": 0.9
            },
            {
              "nominal": 0.8,
              "empirical": 1.0
            },
            {
              "nominal": 0.9,
              "empirical": 1.0
            },
            {
              "nominal": 0.95,
              "empirical": 1.0
            },
            {
              "nominal": 0.99,
              "empirical": 1.0
            }
          ],
          "H": [
            {
              "nominal": 0.5,
              "empirical": 0.9090909090909091
            },
            {
              "nominal": 0.68,
              "empirical": 1.0
            },
            {
              "nominal": 0.8,
              "empirical": 1.0
            },
            {
              "nominal": 0.9,
              "empirical": 1.0
            },
            {
              "nominal": 0.95,
              "empirical": 1.0
            },
            {
              "nominal": 0.99,
              "empirical": 1.0
            }
          ],
          "J": [
            {
              "nominal": 0.5,
              "empirical": 0.8529411764705882
            },
            {
              "nominal": 0.68,
              "empirical": 1.0
            },
            {
              "nominal": 0.8,
              "empirical": 1.0
            },
            {
              "nominal": 0.9,
              "empirical": 1.0
            },
            {
              "nominal": 0.95,
              "empirical": 1.0
            },
            {
              "nominal": 0.99,
              "empirical": 1.0
            }
          ],
          "Ks": [
            {
              "nominal": 0.5,
              "empirical": 0.8823529411764706
            },
            {
              "nominal": 0.68,
              "empirical": 0.9607843137254902
            },
            {
              "nominal": 0.8,
              "empirical": 1.0
            },
            {
              "nominal": 0.9,
              "empirical": 1.0
            },
            {
              "nominal": 0.95,
              "empirical": 1.0
            },
            {
              "nominal": 0.99,
              "empirical": 1.0
            }
          ],
          "V": [
            {
              "nominal": 0.5,
              "empirical": 0.84
            },
            {
              "nominal": 0.68,
              "empirical": 0.92
            },
            {
              "nominal": 0.8,
              "empirical": 0.96
            },
            {
              "nominal": 0.9,
              "empirical": 1.0
            },
            {
              "nominal": 0.95,
              "empirical": 1.0
            },
            {
              "nominal": 0.99,
              "empirical": 1.0
            }
          ],
          "Y": [
            {
              "nominal": 0.5,
              "empirical": 0.5
            },
            {
              "nominal": 0.68,