{
  "method": "npe_mdn",
  "label": "NPE-MDN (GPU)",
  "params": [
    "mej_1",
    "vej_1",
    "temperature_floor_1",
    "mej_2",
    "vej_2",
    "kappa_2",
    "temperature_floor_2",
    "sigma"
  ],
  "summary": {
    "mej_1": {
      "median": 0.07095402106642723,
      "ci16": 0.057178295850753784,
      "ci84": 0.08390570074319839,
      "mean": 0.0701231125142891,
      "std": 0.013810568862856885
    },
    "vej_1": {
      "median": 0.26274287700653076,
      "ci16": 0.2070314371585846,
      "ci84": 0.2904471051692963,
      "mean": 0.2501690202474594,
      "std": 0.04420240593344737
    },
    "temperature_floor_1": {
      "median": 2370.748046875,
      "ci16": 1019.7528930664063,
      "ci84": 2918.215126953125,
      "mean": 2110.628225634372,
      "std": 884.0552449729008
    },
    "mej_2": {
      "median": 0.06909876316785812,
      "ci16": 0.04352829024195671,
      "ci84": 0.08863756239414215,
      "mean": 0.0660812207464478,
      "std": 0.02166442658387469
    },
    "vej_2": {
      "median": 0.19370374083518982,
      "ci16": 0.11694411665201188,
      "ci84": 0.2611838042736053,
      "mean": 0.18940978909358383,
      "std": 0.06386038081694116
    },
    "kappa_2": {
      "median": 3.94281005859375,
      "ci16": 1.9008771085739138,
      "ci84": 7.529941310882569,
      "mean": 4.897310191845894,
      "std": 3.6655295553383174
    },
    "temperature_floor_2": {
      "median": 1685.2125244140625,
      "ci16": 433.8946911621094,
      "ci84": 2743.60802734375,
      "mean": 1599.2845199749947,
      "std": 1038.3179998143771
    },
    "sigma": {
      "median": 1.4038084745407104,
      "ci16": 0.9614395594596863,
      "ci84": 1.8947588539123534,
      "mean": 1.424996236079745,
      "std": 0.4698814305682845
    }
  },
  "best_params": {
    "mej_1": 0.06800976395606995,
    "vej_1": 0.26271766424179077,
    "temperature_floor_1": 2518.616455078125,
    "mej_2": 0.06709179282188416,
    "vej_2": 0.14638371765613556,
    "kappa_2": 1.6073023080825806,
    "temperature_floor_2": 561.3824462890625,
    "sigma": 0.5019813179969788
  },
  "ppc": {
    "cov68": 0.9970588235294118,
    "cov95": 1.0,
    "chi2_reported": 228.38365515944386,
    "chi2_scatter": 0.9018481958574557,
    "dof": 332,
    "space": "magnitude"
  },
  "runtime_s": 973.6910735405982,
  "wall_s": 1021.2715401723981,
  "amortized_s": 0.15858429670333862,
  "n_samples": 10000,
  "aic": 481.59170942185847,
  "bic": 512.2232743627401,
  "max_log_likelihood": -232.79585471092923,
  "info": {
    "num_rounds": 1,
    "num_simulations": 25000,
    "total_simulations": 25000,
    "density_estimator": "mdn",
    "embedding_net": null,
    "x_format": "stacked",
    "normalize_x": "asinh",
    "final_sample_method": "rejection",
    "final_sample_acceptance_rate": 0.00800000037997961,
    "sim_backend": "numpy",
    "scatter_param": "sigma",
    "proposal_mode": "posterior",
    "truncate_quantile": null,
    "space": "magnitude",
    "num_samples": 10000,
    "device": "cuda",
    "seed": 0,
    "num_workers": 24,
    "predictive_metrics": {
      "space": "magnitude",
      "unit": "mag",
      "n_draws": 200,
      "scatter_param": "sigma",
      "rmse": {
        "overall": 0.5447290020786268,
        "bands": {
          "B": 0.579613021540108,
          "H": 0.34458499738453063,
          "J": 0.4045151030341186,
          "Ks": 0.47857003048368135,
          "V": 0.48423707400831284,
          "Y": 0.739094200303908,
          "g": 0.7183696761802806,
          "i": 0.5070405950400901,
          "r": 0.6159255258720501,
          "z": 0.591579979984902
        }
      },
      "lpd": {
        "total": -456.167434788424,
        "per_point": -1.3416689258483059
      },
      "elpd_loo": {
        "elpd_loo": -851.8079037683094,
        "p_loo": 395.64046897988544,
        "se": 58.815550529366455,
        "looic": 1703.6158075366188,
        "pareto_k_max": 5.9588038423377965
      },
      "waic": {
        "waic": 2245.108073626846,
        "elpd_waic": -1122.554036813423,
        "p_waic": 666.3866020249991,
        "se": 252.08483748086465
      },
      "coverage": {
        "levels": [
          0.5,
          0.68,
          0.8,
          0.9,
          0.95,
          0.99
        ],
        "overall": [
          {
            "nominal": 0.5,
            "empirical": 0.9382352941176471
          },
          {
            "nominal": 0.68,
            "empirical": 0.9970588235294118
          },
          {
            "nominal": 0.8,
            "empirical": 1.0
          },
          {
            "nominal": 0.9,
            "empirical": 1.0
          },
          {
            "nominal": 0.95,
            "empirical": 1.0
          },
          {
            "nominal": 0.99,
            "empirical": 1.0
          }
        ],
        "bands": {
          "B": [
            {
              "nominal": 0.5,
              "empirical": 1.0
            },
            {
              "nominal": 0.68,
              "empirical": 1.0
            },
            {
              "nominal": 0.8,
              "empirical": 1.0
            },
            {
              "nominal": 0.9,
              "empirical": 1.0
            },
            {
              "nominal": 0.95,
              "empirical": 1.0
            },
            {
              "nominal": 0.99,
              "empirical": 1.0
            }
          ],
          "H": [
            {
              "nominal": 0.5,
              "empirical": 0.9696969696969697
            },
            {
              "nominal": 0.68,
              "empirical": 1.0
            },
            {
              "nominal": 0.8,
              "empirical": 1.0
            },
            {
              "nominal": 0.9,
              "empirical": 1.0
            },
            {
              "nominal": 0.95,
              "empirical": 1.0
            },
            {
              "nominal": 0.99,
              "empirical": 1.0
            }
          ],
          "J": [
            {
              "nominal": 0.5,
              "empirical": 1.0
            },
            {
              "nominal": 0.68,
              "empirical": 1.0
            },
            {
              "nominal": 0.8,
              "empirical": 1.0
            },
            {
              "nominal": 0.9,
              "empirical": 1.0
            },
            {
              "nominal": 0.95,
              "empirical": 1.0
            },
            {
              "nominal": 0.99,
              "empirical": 1.0
            }
          ],
          "Ks": [
            {
              "nominal": 0.5,
              "empirical": 0.9607843137254902
            },
            {
              "nominal": 0.68,
              "empirical": 1.0
            },
            {
              "nominal": 0.8,
              "empirical": 1.0
            },
            {
              "nominal": 0.9,
              "empirical": 1.0
            },
            {
              "nominal": 0.95,
              "empirical": 1.0
            },
            {
              "nominal": 0.99,
              "empirical": 1.0
            }
          ],
          "V": [
            {
              "nominal": 0.5,
              "empirical": 0.92
            },
            {
              "nominal": 0.68,
              "empirical": 1.0
            },
            {
              "nominal": 0.8,
              "empirical": 1.0
            },
            {
              "nominal": 0.9,
              "empirical": 1.0
            },
            {
              "nominal": 0.95,
              "empirical": 1.0
            },
            {
              "nominal": 0.99,
              "empirical": 1.0
            }
          ],
          "Y": [
            {
              "nominal": 0.5,
              "empirical": 0.75
            },
            {
              "nominal": 0.68,
              "empirical": 1.0
            },
            {
              "nominal": 0.8,