{
  "method": "abc",
  "label": "ABC",
  "params": [
    "mej_1",
    "vej_1",
    "temperature_floor_1",
    "mej_2",
    "vej_2",
    "kappa_2",
    "temperature_floor_2"
  ],
  "summary": {
    "mej_1": {
      "median": 0.07956615864918123,
      "ci16": 0.06293284760026045,
      "ci84": 0.09297559805637687,
      "mean": 0.07657046084782441,
      "std": 0.017014388582299752
    },
    "vej_1": {
      "median": 0.2754800997776864,
      "ci16": 0.2490693377772252,
      "ci84": 0.29353572979799397,
      "mean": 0.27175044262619025,
      "std": 0.020376222314183165
    },
    "temperature_floor_1": {
      "median": 2961.135273071812,
      "ci16": 768.9315646140867,
      "ci84": 3419.014528823846,
      "mean": 2503.4004862354873,
      "std": 1194.7932050315594
    },
    "mej_2": {
      "median": 0.06997711473038522,
      "ci16": 0.04259656523875069,
      "ci84": 0.09212505800199988,
      "mean": 0.06651068800141442,
      "std": 0.023909099083807464
    },
    "vej_2": {
      "median": 0.1621471497170128,
      "ci16": 0.08832420470214705,
      "ci84": 0.25620523617367014,
      "mean": 0.17050749355962005,
      "std": 0.07136594194299951
    },
    "kappa_2": {
      "median": 5.1835405108920725,
      "ci16": 1.6077285263913328,
      "ci84": 16.69200395069059,
      "mean": 8.282213203028,
      "std": 7.7784242149074405
    },
    "temperature_floor_2": {
      "median": 1149.6965621655168,
      "ci16": 241.74101921880893,
      "ci84": 3573.437008292196,
      "mean": 1748.8420249344606,
      "std": 1523.0152157157436
    }
  },
  "best_params": {
    "mej_1": 0.046443866114722794,
    "vej_1": 0.2848570347353308,
    "temperature_floor_1": 3499.0777503648264,
    "mej_2": 0.0815821074227869,
    "vej_2": 0.18697243083369436,
    "kappa_2": 1.5067117730623938,
    "temperature_floor_2": 158.6666325039129
  },
  "ppc": {
    "cov68": 0.4411764705882353,
    "cov95": 0.8147058823529412,
    "chi2_reported": 154.339296558419,
    "chi2_scatter": 154.339296558419,
    "dof": 333,
    "space": "magnitude"
  },
  "runtime_s": 639.5409827232361,
  "wall_s": 714.4855787269771,
  "amortized_s": null,
  "n_samples": 300,
  "aic": 50048.400374239485,
  "bic": 50075.20299356276,
  "max_log_likelihood": -25017.200187119743,
  "info": {
    "n_simulations": 60000,
    "n_accepted": 300,
    "acceptance_rate": 0.005,
    "epsilon": 94803.3289604588,
    "quantile": 0.005,
    "simulate_noise": true,
    "space": "magnitude",
    "scatter_param": null,
    "n_jobs": 48,
    "distance": "chi2_distance",
    "likelihood_space": "magnitude",
    "predictive_metrics": {
      "space": "magnitude",
      "unit": "mag",
      "n_draws": 200,
      "scatter_param": null,
      "rmse": {
        "overall": 0.4489113978319997,
        "bands": {
          "B": 0.44868592171601507,
          "H": 0.3535328310522903,
          "J": 0.37997497444947814,
          "Ks": 0.5137090640886376,
          "V": 0.45968742462062345,
          "Y": 0.5392670923323705,
          "g": 0.4511922057521632,
          "i": 0.45035291420473844,
          "r": 0.39631568866263134,
          "z": 0.49260030542278677
        }
      },
      "lpd": {
        "total": -8896.938596451033,
        "per_point": -26.1674664601501
      },
      "elpd_loo": {
        "elpd_loo": -128042.91700026538,
        "p_loo": 119145.97840381436,
        "se": 14480.622668039307,
        "looic": 256085.83400053077,
        "pareto_k_max": Infinity
      },
      "waic": {
        "waic": 17185077.260147072,
        "elpd_waic": -8592538.630073536,
        "p_waic": 8583641.691477083,
        "se": 3880027.391268978
      },
      "coverage": {
        "levels": [
          0.5,
          0.68,
          0.8,
          0.9,
          0.95,
          0.99
        ],
        "overall": [
          {
            "nominal": 0.5,
            "empirical": 0.27058823529411763
          },
          {
            "nominal": 0.68,
            "empirical": 0.4323529411764706
          },
          {
            "nominal": 0.8,
            "empirical": 0.5588235294117647
          },
          {
            "nominal": 0.9,
            "empirical": 0.6823529411764706
          },
          {
            "nominal": 0.95,
            "empirical": 0.8088235294117647
          },
          {
            "nominal": 0.99,
            "empirical": 0.8794117647058823
          }
        ],
        "bands": {
          "B": [
            {
              "nominal": 0.5,
              "empirical": 0.1
            },
            {
              "nominal": 0.68,
              "empirical": 0.2
            },
            {
              "nominal": 0.8,
              "empirical": 0.5
            },
            {
              "nominal": 0.9,
              "empirical": 0.5
            },
            {
              "nominal": 0.95,
              "empirical": 0.7
            },
            {
              "nominal": 0.99,
              "empirical": 0.9
            }
          ],
          "H": [
            {
              "nominal": 0.5,
              "empirical": 0.42424242424242425
            },
            {
              "nominal": 0.68,
              "empirical": 0.6666666666666666
            },
            {
              "nominal": 0.8,
              "empirical": 0.7878787878787878
            },
            {
              "nominal": 0.9,
              "empirical": 0.8787878787878788
            },
            {
              "nominal": 0.95,
              "empirical": 0.9696969696969697
            },
            {
              "nominal": 0.99,
              "empirical": 0.9696969696969697
            }
          ],
          "J": [
            {
              "nominal": 0.5,
              "empirical": 0.23529411764705882
            },
            {
              "nominal": 0.68,
              "empirical": 0.5588235294117647
            },
            {
              "nominal": 0.8,
              "empirical": 0.6764705882352942
            },
            {
              "nominal": 0.9,
              "empirical": 0.7352941176470589
            },
            {
              "nominal": 0.95,
              "empirical": 0.8235294117647058
            },
            {
              "nominal": 0.99,
              "empirical": 0.9117647058823529
            }
          ],
          "Ks": [
            {
              "nominal": 0.5,
              "empirical": 0.29411764705882354
            },
            {
              "nominal": 0.68,
              "empirical": 0.43137254901960786
            },
            {
              "nominal": 0.8,
              "empirical": 0.6470588235294118
            },
            {
              "nominal": 0.9,
              "empirical": 0.7843137254901961
            },
            {
              "nominal": 0.95,
              "empirical": 0.8627450980392157
            },
            {
              "nominal": 0.99,
              "empirical": 0.9215686274509803
            }
          ],
          "V": [
            {
              "nominal": 0.5,
              "empirical": 0.16
            },
            {
              "nominal": 0.68,
              "empirical": 0.4
            },
            {
              "nominal": 0.8,
              "empirical": 0.48
            },
            {
              "nominal": 0.9,
              "empirical": 0.68
            },
            {
              "nominal": 0.95,
              "empirical": 0.84
            },
            {
              "nominal": 0.99,
              "empirical": 0.84
            }
          ],
          "Y": [
            {
              "nominal": 0.5,
              "empirical": 0.2
            },
            {
              "nominal": 0.68,
              "empirical": 0.3
            },
            {
              "nominal": 0.8,
              "empirical": 0.45
            },
            {
              "nominal": 0.9,
              "empirical": 0.55
            },
            {
              "nominal": 0.95,