{
  "method": "mcmc",
  "label": "MCMC",
  "params": [
    "mej_1",
    "vej_1",
    "temperature_floor_1",
    "mej_2",
    "vej_2",
    "kappa_2",
    "temperature_floor_2",
    "sigma"
  ],
  "summary": {
    "mej_1": {
      "median": 0.04491522510519626,
      "ci16": 0.04309759763312179,
      "ci84": 0.04683752647316458,
      "mean": 0.0449542927128813,
      "std": 0.0018939253266038246
    },
    "vej_1": {
      "median": 0.2987737822874429,
      "ci16": 0.29687616841058145,
      "ci84": 0.29969077477047495,
      "mean": 0.2982981037793147,
      "std": 0.0016275006404117096
    },
    "temperature_floor_1": {
      "median": 3320.312236110441,
      "ci16": 3224.339227177186,
      "ci84": 3416.041331601688,
      "mean": 3319.5840596092494,
      "std": 96.16964318588192
    },
    "mej_2": {
      "median": 0.0958930054478778,
      "ci16": 0.09173564952429124,
      "ci84": 0.09875521344766718,
      "mean": 0.09525147240685843,
      "std": 0.0034697317999238006
    },
    "vej_2": {
      "median": 0.15741479546865306,
      "ci16": 0.15059294557719657,
      "ci84": 0.16328524725627344,
      "mean": 0.15698389548637506,
      "std": 0.006426134599226864
    },
    "kappa_2": {
      "median": 1.623077991944116,
      "ci16": 1.5346954566242792,
      "ci84": 1.7288413870884258,
      "mean": 1.6315473520321548,
      "std": 0.10040981242731652
    },
    "temperature_floor_2": {
      "median": 274.90549395535277,
      "ci16": 138.21676755943062,
      "ci84": 548.8696915285111,
      "mean": 324.8079587441142,
      "std": 183.87536827696437
    },
    "sigma": {
      "median": 0.31906241247217243,
      "ci16": 0.30624652877672237,
      "ci84": 0.33221761902342084,
      "mean": 0.3193002837900898,
      "std": 0.013159061324651434
    }
  },
  "best_params": {
    "mej_1": 0.04415273007458522,
    "vej_1": 0.2997076469891764,
    "temperature_floor_1": 3371.2098617349707,
    "mej_2": 0.09889412522384965,
    "vej_2": 0.16179410917971093,
    "kappa_2": 1.632075074441991,
    "temperature_floor_2": 104.68825385062019,
    "sigma": 0.31105684689969
  },
  "ppc": {
    "cov68": 0.7411764705882353,
    "cov95": 0.9235294117647059,
    "chi2_reported": 117.94592215265575,
    "chi2_scatter": 1.0539180497652574,
    "dof": 332,
    "space": "magnitude"
  },
  "runtime_s": 5143.156691759825,
  "wall_s": 5145.835742224008,
  "amortized_s": null,
  "n_samples": 44000,
  "aic": 221.2066523027048,
  "bic": 251.83821724358646,
  "max_log_likelihood": -102.6033261513524,
  "info": {
    "nwalkers": 32,
    "nsteps": 8000,
    "burnin": 2500,
    "thin": 4,
    "space": "magnitude",
    "likelihood": "GaussianLikelihoodWithScatter",
    "mean_acceptance_fraction": 0.36513281249999996,
    "mean_autocorr_time": 149.35833352006279,
    "n_samples_per_walker": 1375,
    "converged": true,
    "seed": 0,
    "predictive_metrics": {
      "space": "magnitude",
      "unit": "mag",
      "n_draws": 200,
      "scatter_param": "sigma",
      "rmse": {
        "overall": 0.3293851284359243,
        "bands": {
          "B": 0.3096837331943551,
          "H": 0.32393190698950713,
          "J": 0.286944234068629,
          "Ks": 0.24029937996551967,
          "V": 0.32743147874782325,
          "Y": 0.42043083550742577,
          "g": 0.4098955884669164,
          "i": 0.32826253323439825,
          "r": 0.32828002698446235,
          "z": 0.3632792888033344
        }
      },
      "lpd": {
        "total": -103.86714799497628,
        "per_point": -0.3054916117499302
      },
      "elpd_loo": {
        "elpd_loo": -108.99961640773452,
        "p_loo": 5.132468412758243,
        "se": 16.33598479319465,
        "looic": 217.99923281546904,
        "pareto_k_max": 0.45863473621537165
      },
      "waic": {
        "waic": 217.93573577272016,
        "elpd_waic": -108.96786788636008,
        "p_waic": 5.100719891383807,
        "se": 32.71981891249459
      },
      "coverage": {
        "levels": [
          0.5,
          0.68,
          0.8,
          0.9,
          0.95,
          0.99
        ],
        "overall": [
          {
            "nominal": 0.5,
            "empirical": 0.5764705882352941
          },
          {
            "nominal": 0.68,
            "empirical": 0.7235294117647059
          },
          {
            "nominal": 0.8,
            "empirical": 0.8176470588235294
          },
          {
            "nominal": 0.9,
            "empirical": 0.8676470588235294
          },
          {
            "nominal": 0.95,
            "empirical": 0.9205882352941176
          },
          {
            "nominal": 0.99,
            "empirical": 0.9676470588235294
          }
        ],
        "bands": {
          "B": [
            {
              "nominal": 0.5,
              "empirical": 0.6
            },
            {
              "nominal": 0.68,
              "empirical": 0.8
            },
            {
              "nominal": 0.8,
              "empirical": 0.9
            },
            {
              "nominal": 0.9,
              "empirical": 0.9
            },
            {
              "nominal": 0.95,
              "empirical": 0.9
            },
            {
              "nominal": 0.99,
              "empirical": 0.9
            }
          ],
          "H": [
            {
              "nominal": 0.5,
              "empirical": 0.5454545454545454
            },
            {
              "nominal": 0.68,
              "empirical": 0.7272727272727273
            },
            {
              "nominal": 0.8,
              "empirical": 0.7878787878787878
            },
            {
              "nominal": 0.9,
              "empirical": 0.8787878787878788
            },
            {
              "nominal": 0.95,
              "empirical": 0.9393939393939394
            },
            {
              "nominal": 0.99,
              "empirical": 1.0
            }
          ],
          "J": [
            {
              "nominal": 0.5,
              "empirical": 0.5588235294117647
            },
            {
              "nominal": 0.68,
              "empirical": 0.7352941176470589
            },
            {
              "nominal": 0.8,
              "empirical": 0.8823529411764706
            },
            {
              "nominal": 0.9,
              "empirical": 0.9117647058823529
            },
            {
              "nominal": 0.95,
              "empirical": 0.9411764705882353
            },
            {
              "nominal": 0.99,
              "empirical": 1.0
            }
          ],
          "Ks": [
            {
              "nominal": 0.5,
              "empirical": 0.6666666666666666
            },
            {
              "nominal": 0.68,
              "empirical": 0.8235294117647058
            },
            {
              "nominal": 0.8,
              "empirical": 0.9019607843137255
            },
            {
              "nominal": 0.9,
              "empirical": 0.9215686274509803
            },
            {
              "nominal": 0.95,
              "empirical": 0.9607843137254902
            },
            {
              "nominal": 0.99,
              "empirical": 1.0
            }
          ],
          "V": [
            {
              "nominal": 0.5,
              "empirical": 0.72
            },
            {
              "nominal": 0.68,
              "empirical": 0.84
            },
            {
              "nominal": 0.8,
              "empirical": 0.88
            },
            {
              "nominal": 0.9,
              "empirical": 0.88
            },
            {
              "nominal": 0.95,
              "empirical": 0.88
            },
            {
              "nominal": 0.99,
              "empirical": 0.96
            }
          ],
          "Y": [
            {
              "nominal": 0.5,
              "empirical": 0.4
            },
            {
              "nominal": 0.68,