{
  "method": "npe_nsf",
  "label": "NPE-NSF (GPU)",
  "params": [
    "mej_1",
    "vej_1",
    "temperature_floor_1",
    "mej_2",
    "vej_2",
    "kappa_2",
    "temperature_floor_2",
    "sigma"
  ],
  "summary": {
    "mej_1": {
      "median": 0.04328457452356815,
      "ci16": 0.039234144687652586,
      "ci84": 0.04756869435310364,
      "mean": 0.04358800408318639,
      "std": 0.005122843002750082
    },
    "vej_1": {
      "median": 0.2902454137802124,
      "ci16": 0.276742057800293,
      "ci84": 0.2980043184757233,
      "mean": 0.2874662308841944,
      "std": 0.011326844290801318
    },
    "temperature_floor_1": {
      "median": 1050.1491088867188,
      "ci16": 490.3522106933594,
      "ci84": 3737.182578125,
      "mean": 1733.458592602539,
      "std": 1390.1510746788933
    },
    "mej_2": {
      "median": 0.09757475554943085,
      "ci16": 0.09258402615785599,
      "ci84": 0.09914627999067306,
      "mean": 0.09604755911137909,
      "std": 0.004328041946775677
    },
    "vej_2": {
      "median": 0.17500756680965424,
      "ci16": 0.14189233422279357,
      "ci84": 0.23302490949630736,
      "mean": 0.18519561188742517,
      "std": 0.04624576167413548
    },
    "kappa_2": {
      "median": 1.3834825158119202,
      "ci16": 1.105642352104187,
      "ci84": 1.8803365230560303,
      "mean": 1.4924352235674858,
      "std": 0.43038015900568266
    },
    "temperature_floor_2": {
      "median": 602.5768127441406,
      "ci16": 250.925029296875,
      "ci84": 1330.256748046875,
      "mean": 797.5369200698852,
      "std": 654.5142991851724
    },
    "sigma": {
      "median": 0.5971223413944244,
      "ci16": 0.4499404263496399,
      "ci84": 0.7654109692573547,
      "mean": 0.5964802411661483,
      "std": 0.2064280705339335
    }
  },
  "best_params": {
    "mej_1": 0.042069461196660995,
    "vej_1": 0.29434701800346375,
    "temperature_floor_1": 3661.675537109375,
    "mej_2": 0.09573994576931,
    "vej_2": 0.1525137722492218,
    "kappa_2": 1.9192655086517334,
    "temperature_floor_2": 601.177001953125,
    "sigma": 0.36481496691703796
  },
  "ppc": {
    "cov68": 0.8970588235294118,
    "cov95": 1.0,
    "chi2_reported": 144.86443406919847,
    "chi2_scatter": 0.8756805125014081,
    "dof": 332,
    "space": "magnitude"
  },
  "runtime_s": 1322.615588542074,
  "wall_s": 1368.5663501769304,
  "amortized_s": 0.2103159800171852,
  "n_samples": 10000,
  "aic": 264.16570828179033,
  "bic": 294.797273222672,
  "max_log_likelihood": -124.08285414089517,
  "info": {
    "num_rounds": 1,
    "num_simulations": 25000,
    "total_simulations": 25000,
    "density_estimator": "nsf",
    "embedding_net": null,
    "x_format": "stacked",
    "normalize_x": "asinh",
    "final_sample_method": "rejection",
    "final_sample_acceptance_rate": 0.08550000190734863,
    "sim_backend": "numpy",
    "scatter_param": "sigma",
    "proposal_mode": "posterior",
    "truncate_quantile": null,
    "space": "magnitude",
    "num_samples": 10000,
    "device": "cuda",
    "seed": 0,
    "num_workers": 24,
    "predictive_metrics": {
      "space": "magnitude",
      "unit": "mag",
      "n_draws": 200,
      "scatter_param": "sigma",
      "rmse": {
        "overall": 0.5829453840819054,
        "bands": {
          "B": 0.3209969326746328,
          "H": 0.27581101920582946,
          "J": 0.37526748279676303,
          "Ks": 0.36303277778971205,
          "V": 0.3588854829177705,
          "Y": 0.7939271870975028,
          "g": 0.48150847025121574,
          "i": 0.5849286015229809,
          "r": 0.9161941694000472,
          "z": 0.7047427263605408
        }
      },
      "lpd": {
        "total": -241.8381029701257,
        "per_point": -0.7112885381474285
      },
      "elpd_loo": {
        "elpd_loo": -8550.87453438662,
        "p_loo": 8309.036431416494,
        "se": 2076.013953433095,
        "looic": 17101.74906877324,
        "pareto_k_max": Infinity
      },
      "waic": {
        "waic": 159586.2808815247,
        "elpd_waic": -79793.14044076235,
        "p_waic": 79551.30233779224,
        "se": 53167.037659971815
      },
      "coverage": {
        "levels": [
          0.5,
          0.68,
          0.8,
          0.9,
          0.95,
          0.99
        ],
        "overall": [
          {
            "nominal": 0.5,
            "empirical": 0.7558823529411764
          },
          {
            "nominal": 0.68,
            "empirical": 0.8941176470588236
          },
          {
            "nominal": 0.8,
            "empirical": 0.9647058823529412
          },
          {
            "nominal": 0.9,
            "empirical": 0.9941176470588236
          },
          {
            "nominal": 0.95,
            "empirical": 0.9970588235294118
          },
          {
            "nominal": 0.99,
            "empirical": 1.0
          }
        ],
        "bands": {
          "B": [
            {
              "nominal": 0.5,
              "empirical": 0.8
            },
            {
              "nominal": 0.68,
              "empirical": 0.9
            },
            {
              "nominal": 0.8,
              "empirical": 1.0
            },
            {
              "nominal": 0.9,
              "empirical": 1.0
            },
            {
              "nominal": 0.95,
              "empirical": 1.0
            },
            {
              "nominal": 0.99,
              "empirical": 1.0
            }
          ],
          "H": [
            {
              "nominal": 0.5,
              "empirical": 0.9393939393939394
            },
            {
              "nominal": 0.68,
              "empirical": 1.0
            },
            {
              "nominal": 0.8,
              "empirical": 1.0
            },
            {
              "nominal": 0.9,
              "empirical": 1.0
            },
            {
              "nominal": 0.95,
              "empirical": 1.0
            },
            {
              "nominal": 0.99,
              "empirical": 1.0
            }
          ],
          "J": [
            {
              "nominal": 0.5,
              "empirical": 0.7352941176470589
            },
            {
              "nominal": 0.68,
              "empirical": 0.9117647058823529
            },
            {
              "nominal": 0.8,
              "empirical": 1.0
            },
            {
              "nominal": 0.9,
              "empirical": 1.0
            },
            {
              "nominal": 0.95,
              "empirical": 1.0
            },
            {
              "nominal": 0.99,
              "empirical": 1.0
            }
          ],
          "Ks": [
            {
              "nominal": 0.5,
              "empirical": 0.8627450980392157
            },
            {
              "nominal": 0.68,
              "empirical": 0.9215686274509803
            },
            {
              "nominal": 0.8,
              "empirical": 1.0
            },
            {
              "nominal": 0.9,
              "empirical": 1.0
            },
            {
              "nominal": 0.95,
              "empirical": 1.0
            },
            {
              "nominal": 0.99,
              "empirical": 1.0
            }
          ],
          "V": [
            {
              "nominal": 0.5,
              "empirical": 0.88
            },
            {
              "nominal": 0.68,
              "empirical": 0.88
            },
            {
              "nominal": 0.8,
              "empirical": 0.92
            },
            {
              "nominal": 0.9,
              "empirical": 1.0
            },
            {
              "nominal": 0.95,
              "empirical": 1.0
            },
            {
              "nominal": 0.99,
              "empirical": 1.0
            }
          ],
          "Y": [
            {
              "nominal": 0.5,
              "empirical": 0.45
            },
            {
              "nominal": 0.68,